Time (ms), Time (seconds)
904959,0.0
905060,0.0
906079,0.0
907098,0.0
908027,0.0
909076,0.0
910055,0.0
911084,0.0
912043,0.0
913082,0.0
914002,0.0
915080,0.0
916001,0.0
917079,0.0
918078,0.0
919077,0.0
920001,0.0
921075,0.0
922064,0.0
923083,0.0
924083,0.0
925081,0.0
926100,0.0
927080,0.0
928079,0.0
929001,0.0
930107,0.0
931001,0.0
932001,0.0
933001,0.0
934083,0.0
935016,0.0
936035,0.0
937044,0.0
938020,0.0
939079,0.0
940001,0.0
941077,0.0
942001,0.0
943015,0.0
944005,0.0
945084,0.0
946013,0.0
947042,0.0
948001,0.0
949110,0.0
950079,0.0
951078,0.0
952001,0.0
953077,0.0
954106,0.0
955018,0.0
956084,0.0
957083,0.0
958082,0.0
959031,0.0
960080,0.0
961079,0.0
962002,0.0
963008,0.0
964077,0.0
965075,0.0
966094,0.0
967024,0.0
968083,0.0
969082,0.0
970081,0.0
971080,0.0
972079,0.0
973078,0.0
974001,0.0
975010,0.0
976096,0.0
977015,0.0
978094,0.0
979001,0.0
980086,0.0
981061,0.0
982100,0.0
983039,0.0
984079,0.0
985077,0.0
986076,0.0
987002,0.0
988001,0.0
989084,0.0
990001,0.0
991082,0.0
992081,0.0
993080,0.0
994001,0.0
995078,0.0
996021,0.0
997097,0.0
998059,0.0
999025,0.0
1000004,0.0
1001086,0.0
1002082,0.0
1003081,0.0
1004081,0.0
1005079,0.0
1006078,0.0
1007078,0.0
1008077,0.0
1009076,0.0
1010075,0.0
1011024,0.0
1012033,0.0
1013082,0.0
1014041,0.0
1015080,0.0
1016079,0.0
1017001,0.0
1018028,0.0
1019027,0.0
1020001,0.0
1021001,0.0
1022084,0.0
1023083,0.0
1024001,0.0
1025001,0.0
1026081,0.0
1027001,0.0
1028079,0.0
1029078,0.0
1030007,0.0
1031076,0.0
1032075,0.0
1033015,0.0
1034024,0.0
1035001,0.0
1036042,0.0
1037081,0.0
1038002,0.0
1039079,0.0
1040078,0.0
1041077,0.0
1042026,0.0
1043076,0.0
1044035,0.0
1045084,0.0
1046023,0.0
1047082,0.0
1048051,0.0
1049070,0.0
1050030,0.0
1051039,0.0
1052002,0.0
1053077,0.0
1054002,0.0
1055001,0.0
1056004,0.0
1057113,0.0
1058082,0.0
1059021,0.0
1060001,0.0
1061093,0.0
1062079,0.0
1063078,0.0
1064001,0.0
1065016,0.0
1066055,0.0
1067085,0.0
1068001,0.0
1069102,0.0
1070001,0.0
1071041,0.0
1072080,0.0
1073049,0.0
1074068,0.0
1075077,0.0
1076077,0.0
1077009,0.0
1078095,0.0
1079084,0.0
1080076,0.0
1081086,0.0
1082002,0.0
1083080,0.0
1084079,0.0
1085078,0.0
1086078,0.0
1087077,0.0
1088076,0.0
1089001,0.0
1090074,0.0
1091073,0.0
1092082,0.0
1093092,0.0
1094001,0.0
1095001,0.0
1096089,0.0
1097088,0.0
1098077,0.0
1099001,0.0
1100085,0.0
1101034,0.0
1102083,0.0
1103053,0.0
1104072,0.0
1105081,0.0
1106001,0.0
1107079,0.0
1108108,0.0
1109002,0.0
1110076,0.0
1111001,0.0
1112002,0.0
1113084,0.0
1114083,0.0
1115032,0.0
1116081,0.0
1117080,0.0
1118053,0.0
1119078,0.0
1120068,0.0
1121080,0.0
1122079,0.0
1123001,0.0
1124044,0.0
1125001,0.0
1126082,0.0
1127001,0.0
1128081,0.0
1129070,0.0
1130039,0.0
1131048,0.0
1132077,0.0
1133026,0.0
1134075,0.0
1135001,0.0
1136083,0.0
1137007,0.0
1138072,0.0
1139081,0.0
1140083,0.0
1141079,0.0
1142001,0.0
1143077,0.0
1144046,0.0
1145001,0.0
1146085,0.0
1147001,0.0
1148023,0.0
1149082,0.0
1150001,0.0
1151001,0.0
1152049,0.0
1153078,0.0
1154027,0.0
1155047,0.0
1156085,0.0
1157035,0.0
1158084,0.0
1159073,0.0
1160086,0.0
1161081,0.0
1162080,0.0
1163019,0.0
1164108,0.0
1165077,0.0
1166007,0.0
1167076,0.0
1168002,0.0
1169001,0.0
1170063,0.0
1171082,0.0
1172081,0.0
1173050,0.0
1174079,0.0
1175001,0.0
1176088,0.0
1177001,0.0
1178076,0.0
1179002,0.0
1180104,0.0
1181086,0.0
1182042,0.0
1183051,0.0
1184080,0.0
1185079,0.0
1186019,0.0
1187078,0.0
1188077,0.0
1189076,0.0
1190001,0.0
1191104,0.0
1192073,0.0
1193082,0.0
1194002,0.0
1195080,0.0
1196001,0.0
1197088,0.0
1198011,0.0
1199040,0.0
1200087,0.0
1201045,0.0
1202074,0.0
1203083,0.0
1204001,0.0
1205001,0.0
1206060,0.0
1207079,0.0
1208108,0.0
1209001,0.0
1210077,0.0
1211001,0.0
1212075,0.0
1213001,0.0
1214083,0.0
1215082,0.0
1216001,0.0
1217021,0.0
1218019,0.0
1219059,0.0
1220078,0.0
1221001,0.0
1222106,0.0
1223085,0.0
1224074,0.0
1225103,0.0
1226022,0.0
1227071,0.0
1228080,0.0
1229079,0.0
1230001,0.0
1231001,0.0
1232001,0.0
1233056,0.0
1234025,0.0
1235084,0.0
1236076,0.0
1237062,0.0
1238101,0.0
1239001,0.0
1240002,0.0
1241078,0.0
1242047,0.0
1243077,0.0
1244002,0.0
1245001,0.0
1246034,0.0
1247001,0.0
1248082,0.0
1249081,0.0
1250040,0.0
1251089,0.0
1252078,0.0
1253004,0.0
1254086,0.0
1255075,0.0
1256084,0.0
1257043,0.0
1258086,0.0
1259002,0.0
1260091,0.0
1261080,0.0
1262079,0.0
1263008,0.0
1264057,0.0
1265076,0.0
1266085,0.0
1267044,0.0
1268083,0.0
1269092,0.0
1270002,0.0
1271080,0.0
1272080,0.0
1273079,0.0
1274038,0.0
1275001,0.0
1276059,0.0
1277078,0.0
1278054,0.0
1279001,0.0
1280082,0.0
1281081,0.0
1282060,0.0
1283049,0.0
1284079,0.0
1285077,0.0
1286077,0.0
1287001,0.0
1288005,0.0
1289094,0.0
1290083,0.0
1291082,0.0
1292081,0.0
1293080,0.0
1294099,0.0
1295088,0.0
1296041,0.0
1297080,0.0
1298035,0.0
1299002,0.0
1300073,0.0
1301083,0.0
1302012,0.0
1303081,0.0
1304079,0.0
1305019,0.0
1306001,0.0
1307077,0.0
1308001,0.0
1309085,0.0
1310002,0.0
1311073,0.0
1312082,0.0
1313091,0.0
1314110,0.0
1315013,0.0
1316022,0.0
1317051,0.0
1318080,0.0
1319105,0.0
1320088,0.0
1321073,0.0
1322001,0.0
1323001,0.0
1324080,0.0
1325080,0.0
1326079,0.0
1327001,0.0
1328077,0.0
1329026,0.0
1330002,0.0
1331024,0.0
1332083,0.0
1333082,0.0
1334004,0.0
1335110,0.0
1336009,0.0
1337078,0.0
1338001,0.0
1339076,0.0
1340065,0.0
1341001,0.0
1342001,0.0
1343083,0.0
1344032,0.0
1345080,0.0
1346040,0.0
1347019,0.0
1348108,0.0
1349001,0.0
1350076,0.0
1351085,0.0
1352084,0.0
1353063,0.0
1354112,0.0
1355081,0.0
1356080,0.0
1357079,0.0
1358108,0.0
1359107,0.0
1360001,0.0
1361075,0.0
1362004,0.0
1363033,0.0
1364082,0.0
1365001,0.0
1366080,0.0
1367029,0.0
1368078,0.0
1369077,0.0
1370106,0.0
1371065,0.0
1372034,0.0
1373001,0.0
1374042,0.0
1375082,0.0
1376081,0.0
1377019,0.0
1378082,0.0
1379077,0.0
1380077,0.0
1381076,0.0
1382015,0.0
1383084,0.0
1384083,0.0
1385082,0.0
1386081,0.0
1387080,0.0
1388079,0.0
1389078,0.0
1390077,0.0
1391076,0.0
1392065,0.0
1393044,0.0
1394073,0.0
1395015,0.0
1396081,0.0
1397081,0.0
1398019,0.0
1399058,0.0
1400081,0.0
1401076,0.0
1402025,0.0
1403084,0.0
1404073,0.0
1405022,0.0
1406081,0.0
1407001,0.0
1408002,0.0
1409001,0.0
1410047,0.0
1411077,0.0
1412075,0.0
1413074,0.0
1414044,0.0
1415082,0.0
1416001,0.0
1417080,0.0
1418030,0.0
1419082,0.0
1420058,0.0
1421077,0.0
1422056,0.0
1423085,0.0
1424064,0.0
1425032,0.0
1426002,0.0
1427081,0.0
1428080,0.0
1429088,0.0
1430038,0.0
1431077,0.0
1432076,0.0
1433105,0.0
1434084,0.0
1435001,0.0
1436035,0.0
1437081,0.0
1438083,0.0
1439082,0.0
1440078,0.0
1441077,0.0
1442076,0.0
1443005,0.0
1444094,0.0
1445083,0.0
1446082,0.0
1447001,0.0
1448001,0.0
1449002,0.0
1450078,0.0
1451001,0.0
1452036,0.0
1453002,0.0
1454064,0.0
1455083,0.0
1456082,0.0
1457084,0.0
1458010,0.0
1459079,0.0
1460048,0.0
1461097,0.0
1462076,0.0
1463015,0.0
1464034,0.0
1465103,0.0
1466092,0.0
1467081,0.0
1468080,0.0
1469079,0.0
1470078,0.0
1471077,0.0
1472096,0.0
1473085,0.0
1474064,0.0
1475001,0.0
1476001,0.0
1477084,0.0
1478001,0.0
1479079,0.0
1480078,0.0
1481017,0.0
1482001,0.0
1483001,0.0
1484074,0.0
1485103,0.0
1486022,0.0
1487011,0.0
1488080,0.0
1489079,0.0
1490001,0.0
1491007,0.0
1492106,0.0
1493085,0.0
1494001,0.0
1495002,0.0
1496001,0.0
1497081,0.0
1498001,0.0
1499079,0.0
1500068,0.0
1501002,0.0
1502076,0.0
1503085,0.0
1504044,0.0
1505001,0.0
1506082,0.0
1507021,0.0
1508001,0.0
1509125,0.0
1510078,0.0
1511002,0.0
1512001,0.0
1513075,0.0
1514043,0.0
1515001,0.0
1516082,0.0
1517080,0.0
1518079,0.0
1519001,0.0
1520001,0.0
1521002,0.0
1522065,0.0
1523002,0.0
1524083,0.0
1525082,0.0
1526081,0.0
1527080,0.0
1528001,0.0
1529082,0.0
1530067,0.0
1531002,0.0
1532001,0.0
1533004,0.0
1534093,0.0
1535004,0.0
1536081,0.0
1537080,0.0
1538079,0.0
1539078,0.0
1540077,0.0
1541001,0.0
1542075,0.0
1543084,0.0
1544083,0.0
1545082,0.0
1546035,0.0
1547080,0.0
1548079,0.0
1549028,0.0
1550001,0.0
1551076,0.0
1552105,0.0
1553074,0.0
1554083,0.0
1555002,0.0
1556031,0.0
1557080,0.0
1558001,0.0
1559078,0.0
1560077,0.0
1561002,0.0
1562075,0.0
1563024,0.0
1564001,0.0
1565082,0.0
1566071,0.0
1567083,0.0
1568001,0.0
1569047,0.0
1570001,0.0
1571056,0.0
1572074,0.0
1573001,0.0
1574004,0.0
1575012,0.0
1576080,0.0
1577079,0.0
1578028,0.0
1579077,0.0
1580076,0.0
1581085,0.0
1582074,0.0
1583083,0.0
1584082,0.0
1585081,0.0
1586001,0.0
1587079,0.0
1588001,0.0
1589077,0.0
1590001,0.0
1591001,0.0
1592084,0.0
1593013,0.0
1594082,0.0
1595081,0.0
1596080,0.0
1597019,0.0
1598001,0.0
1599001,0.0
1600045,0.0
1601104,0.0
1602083,0.0
1603043,0.0
1604021,0.0
1605080,0.0
1606079,0.0
1607078,0.0
1608077,0.0
1609076,0.0
1610001,0.0
1611024,0.0
1612083,0.0
1613001,0.0
1614081,0.0
1615070,0.0
1616079,0.0
1617078,0.0
1618077,0.0
1619076,0.0
1620045,0.0
1621094,0.0
1622053,0.0
1623052,0.0
1624081,0.0
1625079,0.0
1626032,0.0
1627088,0.0
1628070,0.0
1629001,0.0
1630088,0.0
1631087,0.0
1632082,0.0
1633081,0.0
1634080,0.0
1635079,0.0
1636038,0.0
1637077,0.0
1638001,0.0
1639075,0.0
1640001,0.0
1641001,0.0
1642082,0.0
1643011,0.0
1644001,0.0
1645004,0.0
1646078,0.0
1647002,0.0
1648036,0.0
1649001,0.0
1650014,0.0
1651086,0.0
1652002,0.0
1653021,0.0
1654001,0.0
1655001,0.0
1656077,0.0
1657076,0.0
1658065,0.0
1659094,0.0
1660103,0.0
1661082,0.0
1662081,0.0
1663080,0.0
1664079,0.0
1665002,0.0
1666037,0.0
1667086,0.0
1668068,0.0
1669001,0.0
1670062,0.0
1671062,0.0
1672081,0.0
1673030,0.0
1674078,0.0
1675077,0.0
1676077,0.0
1677075,0.0
1678024,0.0
1679033,0.0
1680062,0.0
1681011,0.0
1682001,0.0
1683049,0.0
1684078,0.0
1685017,0.0
1686086,0.0
1687006,0.0
1688064,0.0
1689086,0.0
1690075,0.0
1691051,0.0
1692070,0.0
1693069,0.0
1694077,0.0
1695076,0.0
1696075,0.0
1697001,0.0
1698063,0.0
1699032,0.0
1700031,0.0
1701001,0.0
1702079,0.0
1703028,0.0
1704077,0.0
1705076,0.0
1706025,0.0
1707006,0.0
1708083,0.0
1709075,0.0
1710051,0.0
1711001,0.0
1712058,0.0
1713078,0.0
1714077,0.0
1715075,0.0
1716001,0.0
1717083,0.0
1718001,0.0
1719081,0.0
1720090,0.0
1721079,0.0
1722008,0.0
1723107,0.0
1724066,0.0
1725085,0.0
1726074,0.0
1727083,0.0
1728045,0.0
1729011,0.0
1730001,0.0
1731058,0.0
1732077,0.0
1733066,0.0
1734075,0.0
1735001,0.0
1736063,0.0
1737072,0.0
1738081,0.0
1739080,0.0
1740079,0.0
1741078,0.0
1742001,0.0
1743076,0.0
1744075,0.0
1745083,0.0
1746082,0.0
1747001,0.0
1748080,0.0
1749079,0.0
1750001,0.0
1751081,0.0
1752026,0.0
1753035,0.0
1754074,0.0
1755001,0.0
1756062,0.0
1757051,0.0
1758080,0.0
1759069,0.0
1760008,0.0
1761077,0.0
1762076,0.0
1763001,0.0
1764063,0.0
1765004,0.0
1766081,0.0
1767020,0.0
1768002,0.0
1769001,0.0
1770100,0.0
1771006,0.0
1772105,0.0
1773074,0.0
1774001,0.0
1775082,0.0
1776081,0.0
1777090,0.0
1778039,0.0
1779077,0.0
1780006,0.0
1781085,0.0
1782002,0.0
1783023,0.0
1784072,0.0
1785081,0.0
1786080,0.0
1787079,0.0
1788051,0.0
1789077,0.0
1790079,0.0
1791064,0.0
1792083,0.0
1793082,0.0
1794081,0.0
1795080,0.0
1796079,0.0
1797001,0.0
1798077,0.0
1799076,0.0
1800025,0.0
1801104,0.0
1802001,0.0
1803022,0.0
1804081,0.0
1805080,0.0
1806079,0.0
1807077,0.0
1808047,0.0
1809105,0.0
1810044,0.0
1811083,0.0
1812001,0.0
1813081,0.0
1814080,0.0
1815079,0.0
1816088,0.0
1817030,0.0
1818001,0.0
1819015,0.0
1820004,0.0
1821086,0.0
1822085,0.0
1823071,0.0
1824079,0.0
1825001,0.0
1826007,0.0
1827076,0.0
1828001,0.0
1829004,0.0
1830043,0.0
1831001,0.0
1832001,0.0
1833080,0.0
1834108,0.0
1835001,0.0
1836047,0.0
1837009,0.0
1838084,0.0
1839002,0.0
1840082,0.0
1841084,0.0
1842080,0.0
1843079,0.0
1844001,0.0
1845077,0.0
1846001,0.0
1847001,0.0
1848083,0.0
1849083,0.0
1850021,0.0
1851080,0.0
1852079,0.0
1853001,0.0
1854077,0.0
1855096,0.0
1856001,0.0
1857084,0.0
1858043,0.0
1859075,0.0
1860080,0.0
1861019,0.0
1862078,0.0
1863077,0.0
1864076,0.0
1865075,0.0
1866001,0.0
1867073,0.0
1868052,0.0
1869071,0.0
1870050,0.0
1871089,0.0
1872048,0.0
1873067,0.0
1874096,0.0
1875085,0.0
1876013,0.0
1877006,0.0
1878081,0.0
1879010,0.0
1880079,0.0
1881048,0.0
1882001,0.0
1883079,0.0
1884035,0.0
1885014,0.0
1886002,0.0
1887071,0.0
1888001,0.0
1889109,0.0
1890078,0.0
1891077,0.0
1892076,0.0
1893095,0.0
1894001,0.0
1895073,0.0
1896092,0.0
1897014,0.0
1898079,0.0
1899052,0.0
1900077,0.0
1901016,0.0
1902002,0.0
1903088,0.0
1904004,0.0
1905082,0.0
1906051,0.0
1907001,0.0
1908089,0.0
1909078,0.0
1910077,0.0
1911075,0.0
1912094,0.0
1913024,0.0
1914001,0.0
1915081,0.0
1916080,0.0
1917109,0.0
1918048,0.0
1919060,0.0
1920059,0.0
1921078,0.0
1922087,0.0
1923062,0.0
1924001,0.0
1925080,0.0
1926009,0.0
1927078,0.0
1928077,0.0
1929076,0.0
1930085,0.0
1931004,0.0
1932013,0.0
1933082,0.0
1934001,0.0
1935002,0.0
1936079,0.0
1937107,0.0
1938056,0.0
1939019,0.0
1940084,0.0
1941001,0.0
1942072,0.0
1943081,0.0
1944080,0.0
1945001,0.0
1946047,0.0
1947056,0.0
1948001,0.0
1949001,0.0
1950083,0.0
1951052,0.0
1952081,0.0
1953001,0.0
1954002,0.0
1955078,0.0
1956076,0.0
1957001,0.0
1958018,0.0
1959074,0.0
1960082,0.0
1961085,0.0
1962100,0.0
1963001,0.0
1964001,0.0
1965077,0.0
1966066,0.0
1967075,0.0
1968083,0.0
1969102,0.0
1970001,0.0
1971070,0.0
1972079,0.0
1973018,0.0
1974027,0.0
1975001,0.0
1976001,0.0
1977084,0.0
1978093,0.0
1979082,0.0
1980001,0.0
1981083,0.0
1982001,0.0
1983077,0.0
1984026,0.0
1985075,0.0
1986074,0.0
1987001,0.0
1988102,0.0
1989041,0.0
1990110,0.0
1991079,0.0
1992077,0.0
1993076,0.0
1994085,0.0
1995074,0.0
1996083,0.0
1997092,0.0
1998081,0.0
1999080,0.0
2000001,0.0
2001018,0.0
2002002,0.0
2003079,0.0
2004084,0.0
2005002,0.0
2006082,0.0
2007001,0.0
2008030,0.0
2009089,0.0
2010068,0.0
2011077,0.0
2012026,0.0
2013001,0.0
2014073,0.0
2015072,0.0
2016081,0.0
2017080,0.0
2018079,0.0
2019001,0.0
2020001,0.0
2021001,0.0
2022064,0.0
2023074,0.0
2024001,0.0
2025061,0.0
2026030,0.0
2027079,0.0
2028108,0.0
2029047,0.0
2030036,0.0
2031075,0.0
2032002,0.0
2033083,0.0
2034082,0.0
2035081,0.0
2036049,0.0
2037078,0.0
2038087,0.0
2039020,0.0
2040015,0.0
2041084,0.0
2042076,0.0
2043001,0.0
2044080,0.0
2045001,0.0
2046001,0.0
2047047,0.0
2048001,0.0
2049105,0.0
2050084,0.0
2051073,0.0
2052042,0.0
2053081,0.0
2054010,0.0
2055058,0.0
2056077,0.0
2057046,0.0
2058025,0.0
2059074,0.0
2060053,0.0
2061001,0.0
2062071,0.0
2063083,0.0
2064079,0.0
2065002,0.0
2066001,0.0
2067105,0.0
2068044,0.0
2069004,0.0
2070001,0.0
2071081,0.0
2072080,0.0
2073079,0.0
2074001,0.0
2075007,0.0
2076075,0.0
2077074,0.0
2078053,0.0
2079001,0.0
2080002,0.0
2081074,0.0
2082079,0.0
2083068,0.0
2084077,0.0
2085001,0.0
2086085,0.0
2087093,0.0
2088001,0.0
2089081,0.0
2090080,0.0
2091002,0.0
2092078,0.0
2093017,0.0
2094076,0.0
2095094,0.0
2096083,0.0
2097052,0.0
2098081,0.0
2099024,0.0
2100001,0.0
2101048,0.0
2102057,0.0
2103002,0.0
2104001,0.0
2105024,0.0
2106083,0.0
2107001,0.0
2108020,0.0
2109059,0.0
2110078,0.0
2111007,0.0
2112056,0.0
2113085,0.0
2114034,0.0
2115023,0.0
2116062,0.0
2117001,0.0
2118039,0.0
2119078,0.0
2120077,0.0
2121001,0.0
2122078,0.0
2123087,0.0
2124033,0.0
2125082,0.0
2126081,0.0
2127002,0.0
2128039,0.0
2129077,0.0
2130002,0.0
2131075,0.0
2132014,0.0
2133083,0.0
2134072,0.0
2135080,0.0
2136039,0.0
2137069,0.0
2138087,0.0
2139076,0.0
2140085,0.0
2141084,0.0
2142086,0.0
2143085,0.0
2144002,0.0
2145019,0.0
2146001,0.0
2147077,0.0
2148076,0.0
2149015,0.0
2150014,0.0
2151023,0.0
2152082,0.0
2153081,0.0
2154002,0.0
2155078,0.0
2156028,0.0
2157016,0.0
2158055,0.0
2159084,0.0
2160017,0.0
2161002,0.0
2162031,0.0
2163050,0.0
2164079,0.0
2165067,0.0
2166001,0.0
2167001,0.0
2168104,0.0
2169023,0.0
2170082,0.0
2171081,0.0
2172080,0.0
2173078,0.0
2174077,0.0
2175002,0.0
2176002,0.0
2177074,0.0
2178023,0.0
2179082,0.0
2180081,0.0
2181001,0.0
2182059,0.0
2183108,0.0
2184001,0.0
2185006,0.0
2186064,0.0
2187063,0.0
2188082,0.0
2189002,0.0
2190080,0.0
2191079,0.0
2192002,0.0
2193017,0.0
2194075,0.0
2195001,0.0
2196002,0.0
2197092,0.0
2198001,0.0
2199080,0.0
2200001,0.0
2201078,0.0
2202077,0.0
2203001,0.0
2204088,0.0
2205087,0.0
2206001,0.0
2207081,0.0
2208080,0.0
2209001,0.0
2210001,0.0
2211001,0.0
2212001,0.0
2213001,0.0
2214053,0.0
2215082,0.0
2216001,0.0
2217010,0.0
2218001,0.0
2219006,0.0
2220086,0.0
2221076,0.0
2222001,0.0
2223002,0.0
2224012,0.0
2225084,0.0
2226080,0.0
2227079,0.0
2228078,0.0
2229007,0.0
2230001,0.0
2231002,0.0
2232002,0.0
2233082,0.0
2234101,0.0
2235080,0.0
2236079,0.0
2237001,0.0
2238002,0.0
2239076,0.0
2240034,0.0
2241001,0.0
2242102,0.0
2243041,0.0
2244001,0.0
2245082,0.0
2246001,0.0
2247077,0.0
2248001,0.0
2249001,0.0
2250103,0.0
2251032,0.0
2252101,0.0
2253030,0.0
2254039,0.0
2255002,0.0
2256077,0.0
2257001,0.0
2258064,0.0
2259073,0.0
2260082,0.0
2261045,0.0
2262080,0.0
2263009,0.0
2264081,0.0
2265057,0.0
2266036,0.0
2267015,0.0
2268024,0.0
2269062,0.0
2270081,0.0
2271020,0.0
2272079,0.0
2273068,0.0
2274077,0.0
2275076,0.0
2276085,0.0
2277004,0.0
2278002,0.0
2279081,0.0
2280030,0.0
2281079,0.0
2282002,0.0
2283070,0.0
2284066,0.0
2285088,0.0
2286001,0.0
2287072,0.0
2288081,0.0
2289030,0.0
2290079,0.0
2291078,0.0
2292001,0.0
2293076,0.0
2294085,0.0
2295013,0.0
2296083,0.0
2297081,0.0
2298001,0.0
2299039,0.0
2300088,0.0
2301077,0.0
2302059,0.0
2303058,0.0
2304054,0.0
2305032,0.0
2306001,0.0
2307001,0.0
2308079,0.0
2309078,0.0
2310001,0.0
2311006,0.0
2312074,0.0
2313001,0.0
2314022,0.0
2315081,0.0
2316001,0.0
2317002,0.0
2318048,0.0
2319077,0.0
2320086,0.0
2321105,0.0
2322047,0.0
2323013,0.0
2324001,0.0
2325050,0.0
2326112,0.0
2327001,0.0
2328001,0.0
2329001,0.0
2330085,0.0
2331043,0.0
2332052,0.0
2333041,0.0
2334080,0.0
2335079,0.0
2336001,0.0
2337077,0.0
2338076,0.0
2339025,0.0
2340001,0.0
2341026,0.0
2342081,0.0
2343100,0.0
2344079,0.0
2345081,0.0
2346080,0.0
2347076,0.0
2348045,0.0
2349002,0.0
2350102,0.0
2351051,0.0
2352001,0.0
2353079,0.0
2354001,0.0
2355077,0.0
2356002,0.0
2357002,0.0
2358083,0.0
2359001,0.0
2360061,0.0
2361001,0.0
2362001,0.0
2363078,0.0
2364080,0.0
2365079,0.0
2366088,0.0
2367024,0.0
2368001,0.0
2369041,0.0
2370080,0.0
2371079,0.0
2372078,0.0
2373077,0.0
2374075,0.0
2375084,0.0
2376083,0.0
2377052,0.0
2378101,0.0
2379030,0.0
2380079,0.0
2381078,0.0
2382077,0.0
2383001,0.0
2384078,0.0
2385094,0.0
2386106,0.0
2387001,0.0
2388080,0.0
2389079,0.0
2390078,0.0
2391077,0.0
2392076,0.0
2393015,0.0
2394083,0.0
2395002,0.0
2396091,0.0
2397020,0.0
2398001,0.0
2399078,0.0
2400107,0.0
2401086,0.0
2402002,0.0
2403001,0.0
2404086,0.0
2405011,0.0
2406050,0.0
2407002,0.0
2408001,0.0
2409001,0.0
2410075,0.0
2411044,0.0
2412053,0.0
2413032,0.0
2414011,0.0
2415080,0.0
2416002,0.0
2417078,0.0
2418047,0.0
2419076,0.0
2420001,0.0
2421004,0.0
2422001,0.0
2423081,0.0
2424080,0.0
2425002,0.0
2426001,0.0
2427056,0.0
2428035,0.0
2429074,0.0
2430033,0.0
2431082,0.0
2432001,0.0
2433080,0.0
2434079,0.0
2435078,0.0
2436076,0.0
2437075,0.0
2438054,0.0
2439083,0.0
2440082,0.0
2441101,0.0
2442080,0.0
2443079,0.0
2444081,0.0
2445001,0.0
2446001,0.0
2447001,0.0
2448083,0.0
2449001,0.0
2450081,0.0
2451001,0.0
2452079,0.0
2453098,0.0
2454002,0.0
2455075,0.0
2456034,0.0
2457083,0.0
2458082,0.0
2459081,0.0
2460001,0.0
2461029,0.0
2462087,0.0
2463077,0.0
2464079,0.0
2465078,0.0
2466043,0.0
2467082,0.0
2468081,0.0
2469002,0.0
2470088,0.0
2471077,0.0
2472076,0.0
2473045,0.0
2474074,0.0
2475083,0.0
2476082,0.0
2477081,0.0
2478080,0.0
2479079,0.0
2480077,0.0
2481004,0.0
2482075,0.0
2483014,0.0
2484103,0.0
2485001,0.0
2486081,0.0
2487049,0.0
2488079,0.0
2489002,0.0
2490076,0.0
2491035,0.0
2492084,0.0
2493103,0.0
2494082,0.0
2495080,0.0
2496079,0.0
2497002,0.0
2498047,0.0
2499066,0.0
2500001,0.0
2501094,0.0
2502006,0.0
2503082,0.0
2504080,0.0
2505079,0.0
2506001,0.0
2507047,0.0
2508056,0.0
2509085,0.0
2510084,0.0
2511093,0.0
2512042,0.0
2513080,0.0
2514069,0.0
2515068,0.0
2516001,0.0
2517002,0.0
2518025,0.0
2519001,0.0
2520083,0.0
2521081,0.0
2522080,0.0
2523079,0.0
2524062,0.0
2525107,0.0
2526001,0.0
2527075,0.0
2528001,0.0
2529053,0.0
2530081,0.0
2531010,0.0
2532019,0.0
2533078,0.0
2534077,0.0
2535076,0.0
2536085,0.0
2537014,0.0
2538001,0.0
2539101,0.0
2540080,0.0
2541059,0.0
2542078,0.0
2543087,0.0
2544049,0.0
2545085,0.0
2546001,0.0
2547043,0.0
2548041,0.0
2549010,0.0
2550079,0.0
2551078,0.0
2552067,0.0
2553076,0.0
2554034,0.0
2555083,0.0
2556072,0.0
2557101,0.0
2558001,0.0
2559079,0.0
2560038,0.0
2561077,0.0
2562025,0.0
2563018,0.0
2564002,0.0
2565042,0.0
2566081,0.0
2567085,0.0
2568029,0.0
2569108,0.0
2570077,0.0
2571002,0.0
2572045,0.0
2573043,0.0
2574002,0.0
2575081,0.0
2576080,0.0
2577002,0.0
2578078,0.0
2579076,0.0
2580075,0.0
2581001,0.0
2582023,0.0
2583112,0.0
2584081,0.0
2585030,0.0
2586079,0.0
2587001,0.0
2588100,0.0
2589075,0.0
2590084,0.0
2591001,0.0
2592082,0.0
2593101,0.0
2594060,0.0
2595019,0.0
2596017,0.0
2597001,0.0
2598095,0.0
2599074,0.0
2600103,0.0
2601092,0.0
2602021,0.0
2603080,0.0
2604088,0.0
2605001,0.0
2606037,0.0
2607001,0.0
2608088,0.0
2609083,0.0
2610082,0.0
2611071,0.0
2612080,0.0
2613079,0.0
2614001,0.0
2615076,0.0
2616075,0.0
2617084,0.0
2618083,0.0
2619082,0.0
2620002,0.0
2621069,0.0
2622001,0.0
2623087,0.0
2624030,0.0
2625085,0.0
2626057,0.0
2627023,0.0
2628085,0.0
2629081,0.0
2630079,0.0
2631002,0.0
2632077,0.0
2633076,0.0
2634015,0.0
2635074,0.0
2636043,0.0
2637082,0.0
2638081,0.0
2639079,0.0
2640078,0.0
2641077,0.0
2642002,0.0
2643085,0.0
2644054,0.0
2645063,0.0
2646051,0.0
2647080,0.0
2648079,0.0
2649078,0.0
2650077,0.0
2651046,0.0
2652085,0.0
2653084,0.0
2654082,0.0
2655012,0.0
2656084,0.0
2657049,0.0
2658068,0.0
2659057,0.0
2660076,0.0
2661001,0.0
2662034,0.0
2663092,0.0
2664051,0.0
2665001,0.0
2666019,0.0
2667018,0.0
2668037,0.0
2669076,0.0
2670075,0.0
2671083,0.0
2672082,0.0
2673001,0.0
2674030,0.0
2675079,0.0
2676001,0.0
2677002,0.0
2678016,0.0
2679074,0.0
2680083,0.0
2681072,0.0
2682081,0.0
2683080,0.0
2684019,0.0
2685078,0.0
2686096,0.0
2687006,0.0
2688084,0.0
2689013,0.0
2690082,0.0
2691081,0.0
2692080,0.0
2693079,0.0
2694001,0.0
2695047,0.0
2696056,0.0
2697088,0.0
2698013,0.0
2699092,0.0
2700081,0.0
2701080,0.0
2702019,0.0
2703077,0.0
2704001,0.0
2705075,0.0
2706084,0.0
2707083,0.0
2708062,0.0
2709071,0.0
2710080,0.0
2711088,0.0
2712088,0.0
2713076,0.0
2714085,0.0
2715014,0.0
2716086,0.0
2717082,0.0
2718081,0.0
2719019,0.0
2720058,0.0
2721077,0.0
2722076,0.0
2723075,0.0
2724001,0.0
2725083,0.0
2726082,0.0
2727081,0.0
2728019,0.0
2729078,0.0
2730077,0.0
2731076,0.0
2732019,0.0
2733084,0.0
2734083,0.0
2735032,0.0
2736021,0.0
2737079,0.0
2738068,0.0
2739017,0.0
2740076,0.0
2741075,0.0
2742044,0.0
2743043,0.0
2744012,0.0
2745020,0.0
2746079,0.0
2747078,0.0
2748057,0.0
2749076,0.0
2750045,0.0
2751084,0.0
2752053,0.0
2753025,0.0
2754001,0.0
2755001,0.0
2756082,0.0
2757007,0.0
2758076,0.0
2759075,0.0
2760001,0.0
2761082,0.0
2762041,0.0
2763010,0.0
2764079,0.0
2765078,0.0
2766001,0.0
2767006,0.0
2768002,0.0
2769024,0.0
2770032,0.0
2771081,0.0
2772013,0.0
2773079,0.0
2774001,0.0
2775002,0.0
2776006,0.0
2777001,0.0
2778001,0.0
2779082,0.0
2780101,0.0
2781002,0.0
2782009,0.0
2783048,0.0
2784001,0.0
2785075,0.0
2786001,0.0
2787053,0.0
2788082,0.0
2789061,0.0
2790080,0.0
2791079,0.0
2792108,0.0
2793001,0.0
2794001,0.0
2795094,0.0
2796083,0.0
2797102,0.0
2798061,0.0
2799080,0.0
2800078,0.0
2801077,0.0
2802076,0.0
2803105,0.0
2804001,0.0
2805083,0.0
2806082,0.0
2807011,0.0
2808080,0.0
2809069,0.0
2810001,0.0
2811076,0.0
2812085,0.0
2813084,0.0
2814001,0.0
2815012,0.0
2816051,0.0
2817083,0.0
2818028,0.0
2819067,0.0
2820106,0.0
2821025,0.0
2822074,0.0
2823073,0.0
2824021,0.0
2825001,0.0
2826079,0.0
2827001,0.0
2828017,0.0
2829001,0.0
2830085,0.0
2831014,0.0
2832082,0.0
2833045,0.0
2834001,0.0
2835001,0.0
2836001,0.0
2837077,0.0
2838006,0.0
2839002,0.0
2840084,0.0
2841032,0.0
2842041,0.0
2843020,0.0
2844002,0.0
2845078,0.0
2846037,0.0
2847066,0.0
2848001,0.0
2849073,0.0
2850082,0.0
2851051,0.0
2852044,0.0
2853002,0.0
2854001,0.0
2855080,0.0
2856036,0.0
2857001,0.0
2858083,0.0
2859001,0.0
2860081,0.0
2861030,0.0
2862079,0.0
2863108,0.0
2864077,0.0
2865075,0.0
2866014,0.0
2867001,0.0
2868102,0.0
2869051,0.0
2870080,0.0
2871079,0.0
2872001,0.0
2873096,0.0
2874096,0.0
2875084,0.0
2876002,0.0
2877032,0.0
2878081,0.0
2879001,0.0
2880079,0.0
2881001,0.0
2882077,0.0
2883001,0.0
2884001,0.0
2885053,0.0
2886082,0.0
2887081,0.0
2888020,0.0
2889079,0.0
2890001,0.0
2891106,0.0
2892085,0.0
2893074,0.0
2894083,0.0
2895082,0.0
2896081,0.0
2897039,0.0
2898078,0.0
2899077,0.0
2900076,0.0
2901075,0.0
2902084,0.0
2903083,0.0
2904102,0.0
2905071,0.0
2906002,0.0
2907068,0.0
2908077,0.0
2909016,0.0
2910075,0.0
2911084,0.0
2912063,0.0
2913071,0.0
2914080,0.0
2915002,0.0
2916078,0.0
2917077,0.0
2918076,0.0
2919095,0.0
2920084,0.0
2921083,0.0
2922061,0.0
2923060,0.0
2924039,0.0
2925078,0.0
2926057,0.0
2927076,0.0
2928015,0.0
2929013,0.0
2930001,0.0
2931101,0.0
2932024,0.0
2933079,0.0
2934001,0.0
2935077,0.0
2936096,0.0
2937001,0.0
2938001,0.0
2939082,0.0
2940081,0.0
2941080,0.0
2942009,0.0
2943078,0.0
2944027,0.0
2945001,0.0
2946074,0.0
2947103,0.0
2948001,0.0
2949002,0.0
2950030,0.0
2951079,0.0
2952021,0.0
2953001,0.0
2954001,0.0
2955104,0.0
2956033,0.0
2957085,0.0
2958051,0.0
2959080,0.0
2960079,0.0
2961077,0.0
2962037,0.0
2963085,0.0
2964084,0.0
2965001,0.0
2966002,0.0
2967081,0.0
2968080,0.0
2969049,0.0
2970097,0.0
2971076,0.0
2972085,0.0
2973084,0.0
2974001,0.0
2975085,0.0
2976084,0.0
2977079,0.0
2978068,0.0
2979077,0.0
2980106,0.0
2981085,0.0
2982084,0.0
2983093,0.0
2984051,0.0
2985081,0.0
2986079,0.0
2987068,0.0
2988077,0.0
2989001,0.0
2990065,0.0
2991064,0.0
2992082,0.0
2993055,0.0
2994030,0.0
2995001,0.0
2996068,0.0
2997077,0.0
2998001,0.0
2999001,0.0
3000114,0.0
3001043,0.0
3002001,0.0
3003040,0.0
3004001,0.0
3005081,0.0
3006001,0.0
3007056,0.0
3008002,0.0
3009043,0.0
3010062,0.0
3011081,0.0
3012030,0.0
3013009,0.0
3014001,0.0
3015077,0.0
3016106,0.0
3017085,0.0
3018083,0.0
3019082,0.0
3020081,0.0
3021080,0.0
3022079,0.0
3023001,0.0
3024001,0.0
3025001,0.0
3026001,0.0
3027083,0.0
3028082,0.0
3029002,0.0
3030001,0.0
3031079,0.0
3032098,0.0
3033001,0.0
3034095,0.0
3035084,0.0
3036103,0.0
3037042,0.0
3038011,0.0
3039079,0.0
3040004,0.0
3041077,0.0
3042096,0.0
3043075,0.0
3044001,0.0
3045063,0.0
3046085,0.0
3047081,0.0
3048079,0.0
3049079,0.0
3050107,0.0
3051001,0.0
3052085,0.0
3053084,0.0
3054001,0.0
3055081,0.0
3056081,0.0
3057079,0.0
3058038,0.0
3059097,0.0
3060002,0.0
3061085,0.0
3062074,0.0
3063056,0.0
3064085,0.0
3065030,0.0
3066083,0.0
3067058,0.0
3068077,0.0
3069076,0.0
3070105,0.0
3071073,0.0
3072073,0.0
3073021,0.0
3074060,0.0
3075049,0.0
3076058,0.0
3077077,0.0
3078076,0.0
3079074,0.0
3080073,0.0
3081082,0.0
3082001,0.0
3083080,0.0
3084062,0.0
3085078,0.0
3086080,0.0
3087001,0.0
3088024,0.0
3089083,0.0
3090082,0.0
3091081,0.0
3092080,0.0
3093079,0.0
3094078,0.0
3095027,0.0
3096095,0.0
3097084,0.0
3098004,0.0
3099001,0.0
3100081,0.0
3101006,0.0
3102049,0.0
3103001,0.0
3104076,0.0
3105085,0.0
3106001,0.0
3107086,0.0
3108002,0.0
3109081,0.0
3110090,0.0
3111078,0.0
3112077,0.0
3113076,0.0
3114001,0.0
3115002,0.0
3116083,0.0
3117082,0.0
3118081,0.0
3119079,0.0
3120079,0.0
3121001,0.0
3122086,0.0
3123085,0.0
3124084,0.0
3125083,0.0
3126102,0.0
3127001,0.0
3128079,0.0
3129078,0.0
3130077,0.0
3131076,0.0
3132085,0.0
3133084,0.0
3134013,0.0
3135081,0.0
3136080,0.0
3137079,0.0
3138078,0.0
3139047,0.0
3140001,0.0
3141002,0.0
3142084,0.0
3143083,0.0
3144055,0.0
3145020,0.0
3146019,0.0
3147082,0.0
3148027,0.0
3149006,0.0
3150034,0.0
3151054,0.0
3152032,0.0
3153041,0.0
3154080,0.0
3155069,0.0
3156001,0.0
3157077,0.0
3158006,0.0
3159085,0.0
3160073,0.0
3161001,0.0
3162081,0.0
3163001,0.0
3164030,0.0
3165078,0.0
3166076,0.0
3167001,0.0
3168074,0.0
3169063,0.0
3170082,0.0
3171041,0.0
3172080,0.0
3173079,0.0
3174078,0.0
3175001,0.0
3176105,0.0
3177001,0.0
3178053,0.0
3179082,0.0
3180081,0.0
3181001,0.0
3182108,0.0
3183031,0.0
3184076,0.0
3185002,0.0
3186084,0.0
3187086,0.0
3188085,0.0
3189001,0.0
3190079,0.0
3191079,0.0
3192001,0.0
3193076,0.0
3194075,0.0
3195084,0.0
3196103,0.0
3197001,0.0
3198001,0.0
3199079,0.0
3200078,0.0
3201002,0.0
3202076,0.0
3203085,0.0
3204084,0.0
3205083,0.0
3206082,0.0
3207084,0.0
3208079,0.0
3209068,0.0
3210107,0.0
3211076,0.0
3212085,0.0
3213001,0.0
3214083,0.0
3215041,0.0
3216010,0.0
3217002,0.0
3218048,0.0
3219057,0.0
3220076,0.0
3221104,0.0
3222024,0.0
3223013,0.0
3224025,0.0
3225054,0.0
3226002,0.0
3227002,0.0
3228001,0.0
3229076,0.0
3230085,0.0
3231073,0.0
3232001,0.0
3233091,0.0
3234001,0.0
3235079,0.0
3236028,0.0
3237002,0.0
3238006,0.0
3239044,0.0
3240001,0.0
3241082,0.0
3242001,0.0
3243010,0.0
3244089,0.0
3245088,0.0
3246001,0.0
3247026,0.0
3248004,0.0
3249086,0.0
3250082,0.0
3251081,0.0
3252001,0.0
3253039,0.0
3254058,0.0
3255076,0.0
3256095,0.0
3257094,0.0
3258083,0.0
3259082,0.0
3260081,0.0
3261080,0.0
3262079,0.0
3263007,0.0
3264086,0.0
3265085,0.0
3266084,0.0
3267083,0.0
3268086,0.0
3269081,0.0
3270060,0.0
3271001,0.0
3272077,0.0
3273002,0.0
3274085,0.0
3275084,0.0
3276083,0.0
3277071,0.0
3278080,0.0
3279079,0.0
3280078,0.0
3281067,0.0
3282076,0.0
3283035,0.0
3284084,0.0
3285112,0.0
3286032,0.0
3287100,0.0
3288082,0.0
3289048,0.0
3290077,0.0
3291076,0.0
3292002,0.0
3293002,0.0
3294004,0.0
3295081,0.0
3296100,0.0
3297009,0.0
3298001,0.0
3299037,0.0
3300075,0.0
3301094,0.0
3302002,0.0
3303082,0.0
3304081,0.0
3305050,0.0
3306009,0.0
3307001,0.0
3308001,0.0
3309006,0.0
3310074,0.0
3311001,0.0
3312082,0.0
3313081,0.0
3314080,0.0
3315079,0.0
3316001,0.0
3317001,0.0
3318105,0.0
3319004,0.0
3320083,0.0
3321022,0.0
3322021,0.0
3323080,0.0
3324089,0.0
3325001,0.0
3326096,0.0
3327095,0.0
3328084,0.0
3329086,0.0
3330082,0.0
3331001,0.0
3332002,0.0
3333078,0.0
3334001,0.0
3335076,0.0
3336085,0.0
3337084,0.0
3338001,0.0
3339082,0.0
3340060,0.0
3341001,0.0
3342068,0.0
3343067,0.0
3344046,0.0
3345085,0.0
3346002,0.0
3347056,0.0
3348085,0.0
3349050,0.0
3350079,0.0
3351068,0.0
3352057,0.0
3353076,0.0
3354085,0.0
3355084,0.0
3356083,0.0
3357061,0.0
3358040,0.0
3359002,0.0
3360038,0.0
3361077,0.0
3362066,0.0
3363075,0.0
3364054,0.0
3365023,0.0
3366051,0.0
3367020,0.0
3368009,0.0
3369001,0.0
3370001,0.0
3371076,0.0
3372024,0.0
3373002,0.0
3374001,0.0
3375001,0.0
3376001,0.0
3377079,0.0
3378078,0.0
3379077,0.0
3380015,0.0
3381001,0.0
3382083,0.0
3383072,0.0
3384061,0.0
3385080,0.0
3386089,0.0
3387108,0.0
3388002,0.0
3389065,0.0
3390088,0.0
3391023,0.0
3392082,0.0
3393081,0.0
3394080,0.0
3395001,0.0
3396077,0.0
3397076,0.0
3398002,0.0
3399001,0.0
3400043,0.0
3401082,0.0
3402091,0.0
3403080,0.0
3404001,0.0
3405004,0.0
3406001,0.0
3407085,0.0
3408001,0.0
3409083,0.0
3410085,0.0
3411081,0.0
3412079,0.0
3413078,0.0
3414077,0.0
3415036,0.0
3416075,0.0
3417074,0.0
3418033,0.0
3419001,0.0
3420081,0.0
3421079,0.0
3422018,0.0
3423001,0.0
3424006,0.0
3425075,0.0
3426074,0.0
3427093,0.0
3428051,0.0
3429020,0.0
3430019,0.0
3431068,0.0
3432077,0.0
3433076,0.0
3434002,0.0
3435001,0.0
3436082,0.0
3437051,0.0
3438080,0.0
3439009,0.0
3440098,0.0
3441017,0.0
3442076,0.0
3443054,0.0
3444083,0.0
3445004,0.0
3446081,0.0
3447020,0.0
3448082,0.0
3449001,0.0
3450080,0.0
3451079,0.0
3452084,0.0
3453013,0.0
3454001,0.0
3455081,0.0
3456080,0.0
3457079,0.0
3458077,0.0
3459077,0.0
3460015,0.0
3461104,0.0
3462093,0.0
3463001,0.0
3464081,0.0
3465030,0.0
3466079,0.0
3467001,0.0
3468096,0.0
3469002,0.0
3470002,0.0
3471086,0.0
3472095,0.0
3473002,0.0
3474080,0.0
3475079,0.0
3476017,0.0
3477076,0.0
3478085,0.0
3479001,0.0
3480083,0.0
3481082,0.0
3482081,0.0
3483079,0.0
3484002,0.0
3485107,0.0
3486046,0.0
3487085,0.0
3488084,0.0
3489003,0.0
3490072,0.0
3491084,0.0
3492079,0.0
3493068,0.0
3494002,0.0
3495076,0.0
3496075,0.0
3497104,0.0
3498083,0.0
3499051,0.0
3500001,0.0
3501059,0.0
3502068,0.0
3503077,0.0
3504002,0.0
3505001,0.0
3506084,0.0
3507007,0.0
3508065,0.0
3509020,0.0
3510001,0.0
3511028,0.0
3512037,0.0
3513026,0.0
3514075,0.0
3515002,0.0
3516042,0.0
3517091,0.0
3518010,0.0
3519079,0.0
3520001,0.0
3521037,0.0
3522002,0.0
3523094,0.0
3524083,0.0
3525062,0.0
3526061,0.0
3527080,0.0
3528079,0.0
3529001,0.0
3530001,0.0
3531001,0.0
3532088,0.0
3533083,0.0
3534092,0.0
3535001,0.0
3536070,0.0
3537079,0.0
3538058,0.0
3539076,0.0
3540095,0.0
3541084,0.0
3542083,0.0
3543082,0.0
3544001,0.0
3545010,0.0
3546005,0.0
3547087,0.0
3548076,0.0
3549075,0.0
3550084,0.0
3551001,0.0
3552082,0.0
3553080,0.0
3554079,0.0
3555008,0.0
3556001,0.0
3557001,0.0
3558045,0.0
3559084,0.0
3560083,0.0
3561081,0.0
3562051,0.0
3563079,0.0
3564068,0.0
3565002,0.0
3566076,0.0
3567085,0.0
3568084,0.0
3569083,0.0
3570092,0.0
3571030,0.0
3572079,0.0
3573078,0.0
3574027,0.0
3575106,0.0
3576075,0.0
3577034,0.0
3578001,0.0
3579061,0.0
3580080,0.0
3581009,0.0
3582028,0.0
3583107,0.0
3584036,0.0
3585002,0.0
3586054,0.0
3587001,0.0
3588001,0.0
3589020,0.0
3590009,0.0
3591078,0.0
3592001,0.0
3593075,0.0
3594002,0.0
3595073,0.0
3596052,0.0
3597081,0.0
3598110,0.0
3599099,0.0
3600001,0.0
3601007,0.0
3602001,0.0
3603044,0.0
3604083,0.0
3605082,0.0
3606061,0.0
3607080,0.0
3608079,0.0
3609078,0.0
3610077,0.0
3611035,0.0
3612084,0.0
3613083,0.0
3614082,0.0
3615081,0.0
3616110,0.0
3617078,0.0
3618001,0.0
3619001,0.0
3620005,0.0
3621094,0.0
3622086,0.0
3623085,0.0
3624080,0.0
3625079,0.0
3626079,0.0
3627107,0.0
3628046,0.0
3629001,0.0
3630044,0.0
3631001,0.0
3632082,0.0
3633051,0.0
3634109,0.0
3635078,0.0
3636077,0.0
3637001,0.0
3638085,0.0
3639074,0.0
3640001,0.0
3641085,0.0
3642084,0.0
3643049,0.0
3644078,0.0
3645037,0.0
3646076,0.0
3647105,0.0
3648084,0.0
3649082,0.0
3650032,0.0
3651080,0.0
3652001,0.0
3653068,0.0
3654077,0.0
3655002,0.0
3656055,0.0
3657002,0.0
3658052,0.0
3659001,0.0
3660010,0.0
3661059,0.0
3662108,0.0
3663001,0.0
3664056,0.0
3665085,0.0
3666083,0.0
3667062,0.0
3668061,0.0
3669020,0.0
3670009,0.0
3671001,0.0
3672001,0.0
3673045,0.0
3674084,0.0
3675013,0.0
3676052,0.0
3677101,0.0
3678080,0.0
3679079,0.0
3680078,0.0
3681106,0.0
3682001,0.0
3683084,0.0
3684063,0.0
3685082,0.0
3686081,0.0
3687090,0.0
3688079,0.0
3689077,0.0
3690076,0.0
3691085,0.0
3692001,0.0
3693001,0.0
3694052,0.0
3695081,0.0
3696110,0.0
3697088,0.0
3698087,0.0
3699006,0.0
3700001,0.0
3701001,0.0
3702106,0.0
3703082,0.0
3704011,0.0
3705049,0.0
3706078,0.0
3707007,0.0
3708046,0.0
3709075,0.0
3710034,0.0
3711003,0.0
3712082,0.0
3713080,0.0
3714001,0.0
3715078,0.0
3716027,0.0
3717086,0.0
3718001,0.0
3719037,0.0
3720076,0.0
3721032,0.0
3722020,0.0
3723079,0.0
3724048,0.0
3725077,0.0
3726106,0.0
3727002,0.0
3728002,0.0
3729052,0.0
3730061,0.0
3731001,0.0
3732002,0.0
3733078,0.0
3734077,0.0
3735002,0.0
3736075,0.0
3737007,0.0
3738052,0.0
3739081,0.0
3740080,0.0
3741019,0.0
3742001,0.0
3743001,0.0
3744002,0.0
3745034,0.0
3746083,0.0
3747012,0.0
3748081,0.0
3749001,0.0
3750001,0.0
3751001,0.0
3752007,0.0
3753026,0.0
3754084,0.0
3755001,0.0
3756001,0.0
3757081,0.0
3758080,0.0
3759079,0.0
3760047,0.0
3761001,0.0
3762002,0.0
3763001,0.0
3764002,0.0
3765082,0.0
3766081,0.0
3767060,0.0
3768058,0.0
3769077,0.0
3770076,0.0
3771105,0.0
3772034,0.0
3773043,0.0
3774072,0.0
3775001,0.0
3776079,0.0
3777078,0.0
3778006,0.0
3779076,0.0
3780001,0.0
3781087,0.0
3782103,0.0
3783167,0.0
3784080,0.0
3785079,0.0
3786001,0.0
3787077,0.0
3788096,0.0
3789085,0.0
3790084,0.0
3791053,0.0
3792081,0.0
3793001,0.0
3794019,0.0
3795048,0.0
3796067,0.0
3797048,0.0
3798075,0.0
3799077,0.0
3800086,0.0
3801081,0.0
3802020,0.0
3803009,0.0
3804078,0.0
3805057,0.0
3806076,0.0
3807002,0.0
3808054,0.0
3809082,0.0
3810041,0.0
3811080,0.0
3812059,0.0
3813108,0.0
3814077,0.0
3815106,0.0
3816104,0.0
3817113,0.0
3818082,0.0
3819021,0.0
3820083,0.0
3821001,0.0
3822008,0.0
3823001,0.0
3824001,0.0
3825024,0.0
3826053,0.0
3827082,0.0
3828002,0.0
3829080,0.0
3830001,0.0
3831047,0.0
3832016,0.0
3833065,0.0
3834084,0.0
3835001,0.0
3836001,0.0
3837081,0.0
3838080,0.0
3839108,0.0
3840081,0.0
3841080,0.0
3842075,0.0
3843084,0.0
3844001,0.0
3845082,0.0
3846080,0.0
3847079,0.0
3848068,0.0
3849077,0.0
3850036,0.0
3851025,0.0
3852074,0.0
3853083,0.0
3854001,0.0
3855080,0.0
3856013,0.0
3857001,0.0
3858077,0.0
3859049,0.0
3860084,0.0
3861001,0.0
3862052,0.0
3863051,0.0
3864010,0.0
3865079,0.0
3866058,0.0
3867077,0.0
3868006,0.0
3869074,0.0
3870001,0.0
3871001,0.0
3872101,0.0
3873002,0.0
3874079,0.0
3875047,0.0
3876004,0.0
3877029,0.0
3878001,0.0
3879001,0.0
3880085,0.0
3881001,0.0
3882083,0.0
3883079,0.0
3884077,0.0
3885076,0.0
3886085,0.0
3887074,0.0
3888083,0.0
3889082,0.0
3890051,0.0
3891079,0.0
3892058,0.0
3893077,0.0
3894106,0.0
3895001,0.0
3896084,0.0
3897082,0.0
3898082,0.0
3899001,0.0
3900029,0.0
3901068,0.0
3902080,0.0
3903066,0.0
3904085,0.0
3905013,0.0
3906052,0.0
3907091,0.0
3908020,0.0
3909001,0.0
3910078,0.0
3911077,0.0
3912001,0.0
3913001,0.0
3914083,0.0
3915092,0.0
3916001,0.0
3917050,0.0
3918078,0.0
3919077,0.0
3920076,0.0
3921085,0.0
3922087,0.0
3923083,0.0
3924082,0.0
3925080,0.0
3926079,0.0
3927068,0.0
3928077,0.0
3929076,0.0
3930065,0.0
3931084,0.0
3932053,0.0
3933081,0.0
3934070,0.0
3935029,0.0
3936108,0.0
3937087,0.0
3938009,0.0
3939048,0.0
3940083,0.0
3941003,0.0
3942095,0.0
3943083,0.0
3944039,0.0
3945038,0.0
3946001,0.0
3947026,0.0
3948074,0.0
3949001,0.0
3950082,0.0
3951081,0.0
3952040,0.0
3953079,0.0
3954047,0.0
3955076,0.0
3956005,0.0
3957064,0.0
3958083,0.0
3959081,0.0
3960080,0.0
3961089,0.0
3962082,0.0
3963077,0.0
3964001,0.0
3965075,0.0
3966063,0.0
3967082,0.0
3968091,0.0
3969040,0.0
3970002,0.0
3971048,0.0
3972106,0.0
3973002,0.0
3974001,0.0
3975002,0.0
3976002,0.0
3977001,0.0
3978023,0.0
3979001,0.0
3980107,0.0
3981026,0.0
3982085,0.0
3983087,0.0
3984001,0.0
3985081,0.0
3986080,0.0
3987079,0.0
3988078,0.0
3989077,0.0
3990076,0.0
3991015,0.0
3992073,0.0
3993082,0.0
3994001,0.0
3995080,0.0
3996001,0.0
3997038,0.0
3998004,0.0
3999029,0.0
4000084,0.0
4001047,0.0
4002062,0.0
4003051,0.0
4004049,0.0
4005079,0.0
4006001,0.0
4007006,0.0
4008085,0.0
4009074,0.0
4010083,0.0
4011071,0.0
4012010,0.0
4013009,0.0
4014078,0.0
4015057,0.0
4016076,0.0
4017034,0.0
4018043,0.0
4019001,0.0
4020081,0.0
4021080,0.0
4022079,0.0
4023081,0.0
4024001,0.0
4025085,0.0
4026001,0.0
4027043,0.0
4028082,0.0
4029080,0.0
4030079,0.0
4031078,0.0
4032077,0.0
4033036,0.0
4034085,0.0
4035083,0.0
4036003,0.0
4037001,0.0
4038080,0.0
4039109,0.0
4040006,0.0
4041001,0.0
4042026,0.0
4043104,0.0
4044001,0.0
4045082,0.0
4046002,0.0
4047079,0.0
4048079,0.0
4049077,0.0
4050001,0.0
4051075,0.0
4052084,0.0
4053082,0.0
4054012,0.0
4055030,0.0
4056019,0.0
4057078,0.0
4058077,0.0
4059086,0.0
4060104,0.0
4061002,0.0
4062092,0.0
4063041,0.0
4064093,0.0
4065082,0.0
4066002,0.0
4067096,0.0
4068075,0.0
4069084,0.0
4070083,0.0
4071051,0.0
4072050,0.0
4073049,0.0
4074008,0.0
4075057,0.0
4076066,0.0
4077002,0.0
4078083,0.0
4079006,0.0
4080081,0.0
4081002,0.0
4082078,0.0
4083077,0.0
4084079,0.0
4085088,0.0
4086084,0.0
4087073,0.0
4088082,0.0
4089060,0.0
4090049,0.0
4091058,0.0
4092077,0.0
4093056,0.0
4094074,0.0
4095001,0.0
4096001,0.0
4097051,0.0
4098050,0.0
4099079,0.0
4100087,0.0
4101076,0.0
4102085,0.0
4103084,0.0
4104086,0.0
4105062,0.0
4106080,0.0
4107079,0.0
4108048,0.0
4109037,0.0
4110006,0.0
4111054,0.0
4112073,0.0
4113001,0.0
4114061,0.0
4115080,0.0
4116019,0.0
4117047,0.0
4118076,0.0
4119095,0.0
4120084,0.0
4121083,0.0
4122071,0.0
4123020,0.0
4124079,0.0
4125089,0.0
4126001,0.0
4127026,0.0
4128094,0.0
4129001,0.0
4130082,0.0
4131001,0.0
4132080,0.0
4133069,0.0
4134017,0.0
4135076,0.0
4136001,0.0
4137064,0.0
4138082,0.0
4139101,0.0
4140020,0.0
4141023,0.0
4142002,0.0
4143106,0.0
4144001,0.0
4145001,0.0
4146086,0.0
4147082,0.0
4148080,0.0
4149109,0.0
4150078,0.0
4151057,0.0
4152076,0.0
4153075,0.0
4154083,0.0
4155001,0.0
4156091,0.0
4157050,0.0
4158029,0.0
4159077,0.0
4160026,0.0
4161085,0.0
4162084,0.0
4163083,0.0
4164051,0.0
4165040,0.0
4166079,0.0
4167002,0.0
4168001,0.0
4169002,0.0
4170014,0.0
4171083,0.0
4172082,0.0
4173001,0.0
4174079,0.0
4175068,0.0
4176077,0.0
4177076,0.0
4178085,0.0
4179083,0.0
4180001,0.0
4181101,0.0
4182001,0.0
4183079,0.0
4184078,0.0
4185080,0.0
4186015,0.0
4187001,0.0
4188083,0.0
4189082,0.0
4190041,0.0
4191079,0.0
4192001,0.0
4193001,0.0
4194076,0.0
4195074,0.0
4196013,0.0
4197052,0.0
4198081,0.0
4199001,0.0
4200004,0.0
4201107,0.0
4202046,0.0
4203075,0.0
4204083,0.0
4205004,0.0
4206081,0.0
4207090,0.0
4208001,0.0
4209001,0.0
4210076,0.0
4211085,0.0
4212084,0.0
4213023,0.0
4214081,0.0
4215070,0.0
4216001,0.0
4217078,0.0
4218001,0.0
4219085,0.0
4220004,0.0
4221083,0.0
4222022,0.0
4223084,0.0
4224083,0.0
4225028,0.0
4226077,0.0
4227076,0.0
4228001,0.0
4229004,0.0
4230082,0.0
4231081,0.0
4232080,0.0
4233009,0.0
4234077,0.0
4235076,0.0
4236085,0.0
4237044,0.0
4238083,0.0
4239051,0.0
4240064,0.0
4241079,0.0
4242108,0.0
4243080,0.0
4244035,0.0
4245074,0.0
4246013,0.0
4247082,0.0
4248081,0.0
4249079,0.0
4250078,0.0
4251067,0.0
4252045,0.0
4253001,0.0
4254093,0.0
4255001,0.0
4256081,0.0
4257079,0.0
4258029,0.0
4259087,0.0
4260059,0.0
4261084,0.0
4262084,0.0
4263042,0.0
4264084,0.0
4265113,0.0
4266059,0.0
4267001,0.0
4268076,0.0
4269075,0.0
4270084,0.0
4271001,0.0
4272001,0.0
4273080,0.0
4274059,0.0
4275028,0.0
4276096,0.0
4277002,0.0
4278084,0.0
4279017,0.0
4280081,0.0
4281080,0.0
4282001,0.0
4283081,0.0
4284077,0.0
4285075,0.0
4286004,0.0
4287073,0.0
4288082,0.0
4289081,0.0
4290079,0.0
4291001,0.0
4292077,0.0
4293001,0.0
4294015,0.0
4295043,0.0
4296082,0.0
4297011,0.0
4298040,0.0
4299008,0.0
4300077,0.0
4301001,0.0
4302001,0.0
4303087,0.0
4304082,0.0
4305031,0.0
4306050,0.0
4307002,0.0
4308001,0.0
4309001,0.0
4310075,0.0
4311084,0.0
4312001,0.0
4313001,0.0
4314020,0.0
4315079,0.0
4316078,0.0
4317076,0.0
4318085,0.0
4319017,0.0
4320082,0.0
4321012,0.0
4322001,0.0
4323082,0.0
4324018,0.0
4325002,0.0
4326085,0.0
4327074,0.0
4328003,0.0
4329002,0.0
4330080,0.0
4331079,0.0
4332078,0.0
4333077,0.0
4334001,0.0
4335084,0.0
4336083,0.0
4337032,0.0
4338001,0.0
4339023,0.0
4340052,0.0
4341077,0.0
4342076,0.0
4343034,0.0
4344073,0.0
4345001,0.0
4346001,0.0
4347079,0.0
4348058,0.0
4349047,0.0
4350036,0.0
4351085,0.0
4352073,0.0
4353082,0.0
4354011,0.0
4355001,0.0
4356079,0.0
4357077,0.0
4358106,0.0
4359008,0.0
4360084,0.0
4361052,0.0
4362001,0.0
4363110,0.0
4364078,0.0
4365077,0.0
4366076,0.0
4367001,0.0
4368073,0.0
4369082,0.0
4370011,0.0
4371080,0.0
4372001,0.0
4373077,0.0
4374076,0.0
4375075,0.0
4376084,0.0
4377001,0.0
4378004,0.0
4379070,0.0
4380072,0.0
4381081,0.0
4382016,0.0
4383088,0.0
4384084,0.0
4385083,0.0
4386031,0.0
4387001,0.0
4388079,0.0
4389078,0.0
4390076,0.0
4391085,0.0
4392084,0.0
4393013,0.0
4394001,0.0
4395080,0.0
4396079,0.0
4397077,0.0
4398001,0.0
4399075,0.0
4400001,0.0
4401083,0.0
4402051,0.0
4403084,0.0
4404079,0.0
4405018,0.0
4406096,0.0
4407075,0.0
4408001,0.0
4409043,0.0
4410071,0.0
4411080,0.0
4412089,0.0
4413018,0.0
4414076,0.0
4415085,0.0
4416002,0.0
4417001,0.0
4418081,0.0
4419006,0.0
4420062,0.0
4421001,0.0
4422001,0.0
4423075,0.0
4424087,0.0
4425083,0.0
4426081,0.0
4427080,0.0
4428079,0.0
4429018,0.0
4430076,0.0
4431035,0.0
4432084,0.0
4433001,0.0
4434081,0.0
4435080,0.0
4436059,0.0
4437078,0.0
4438037,0.0
4439075,0.0
4440064,0.0
4441013,0.0
4442081,0.0
4443070,0.0
4444059,0.0
4445002,0.0
4446077,0.0
4447045,0.0
4448084,0.0
4449082,0.0
4450031,0.0
4451080,0.0
4452059,0.0
4453078,0.0
4454076,0.0
4455105,0.0
4456084,0.0
4457001,0.0
4458004,0.0
4459080,0.0
4460072,0.0
4461001,0.0
4462080,0.0
4463088,0.0
4464084,0.0
4465002,0.0
4466001,0.0
4467002,0.0
4468001,0.0
4469001,0.0
4470076,0.0
4471105,0.0
4472064,0.0
4473083,0.0
4474061,0.0
4475001,0.0
4476049,0.0
4477017,0.0
4478076,0.0
4479065,0.0
4480057,0.0
4481001,0.0
4482001,0.0
4483030,0.0
4484001,0.0
4485047,0.0
4486002,0.0
4487045,0.0
4488064,0.0
4489082,0.0
4490081,0.0
4491080,0.0
4492078,0.0
4493077,0.0
4494076,0.0
4495085,0.0
4496093,0.0
4497004,0.0
4498001,0.0
4499073,0.0
4500069,0.0
4501002,0.0
4502076,0.0
4503104,0.0
4504083,0.0
4505001,0.0
4506081,0.0
4507079,0.0
4508068,0.0
4509001,0.0
4510076,0.0
4511085,0.0
4512083,0.0
4513082,0.0
4514061,0.0
4515079,0.0
4516058,0.0
4517087,0.0
4518049,0.0
4519002,0.0
4520001,0.0
4521002,0.0
4522084,0.0
4523001,0.0
4524108,0.0
4525077,0.0
4526075,0.0
4527001,0.0
4528002,0.0
4529082,0.0
4530080,0.0
4531079,0.0
4532078,0.0
4533001,0.0
4534075,0.0
4535084,0.0
4536007,0.0
4537061,0.0
4538001,0.0
4539001,0.0
4540081,0.0
4541046,0.0
4542045,0.0
4543014,0.0
4544001,0.0
4545071,0.0
4546080,0.0
4547079,0.0
4548078,0.0
4549076,0.0
4550085,0.0
4551001,0.0
4552082,0.0
4553051,0.0
4554001,0.0
4555079,0.0
4556107,0.0
4557086,0.0
4558048,0.0
4559001,0.0
4560082,0.0
4561102,0.0
4562002,0.0
4563078,0.0
4564002,0.0
4565076,0.0
4566005,0.0
4567083,0.0
4568082,0.0
4569081,0.0
4570001,0.0
4571078,0.0
4572067,0.0
4573056,0.0
4574001,0.0
4575083,0.0
4576082,0.0
4577060,0.0
4578043,0.0
4579108,0.0
4580076,0.0
4581079,0.0
4582074,0.0
4583033,0.0
4584062,0.0
4585001,0.0
4586059,0.0
4587078,0.0
4588077,0.0
4589045,0.0
4590001,0.0
4591043,0.0
4592061,0.0
4593080,0.0
4594079,0.0
4595077,0.0
4596016,0.0
4597085,0.0
4598063,0.0
4599001,0.0
4600011,0.0
4601040,0.0
4602082,0.0
4603002,0.0
4604076,0.0
4605002,0.0
4606004,0.0
4607001,0.0
4608081,0.0
4609079,0.0
4610001,0.0
4611077,0.0
4612076,0.0
4613001,0.0
4614001,0.0
4615082,0.0
4616080,0.0
4617079,0.0
4618088,0.0
4619001,0.0
4620002,0.0
4621084,0.0
4622096,0.0
4623051,0.0
4624080,0.0
4625079,0.0
4626077,0.0
4627076,0.0
4628085,0.0
4629084,0.0
4630022,0.0
4631031,0.0
4632080,0.0
4633019,0.0
4634067,0.0
4635001,0.0
4636085,0.0
4637073,0.0
4638001,0.0
4639081,0.0
4640053,0.0
4641001,0.0
4642080,0.0
4643045,0.0
4644084,0.0
4645013,0.0
4646012,0.0
4647081,0.0
4648069,0.0
4649108,0.0
4650001,0.0
4651085,0.0
4652084,0.0
4653001,0.0
4654012,0.0
4655020,0.0
4656079,0.0
4657087,0.0
4658086,0.0
4659055,0.0
4660077,0.0
4661086,0.0
4662001,0.0
4663030,0.0
4664001,0.0
4665001,0.0
4666046,0.0
4667075,0.0
4668002,0.0
4669082,0.0
4670051,0.0
4671079,0.0
4672078,0.0
4673067,0.0
4674075,0.0
4675001,0.0
4676083,0.0
4677081,0.0
4678006,0.0
4679079,0.0
4680077,0.0
4681076,0.0
4682001,0.0
4683014,0.0
4684001,0.0
4685051,0.0
4686030,0.0
4687079,0.0
4688001,0.0
4689076,0.0
4690002,0.0
4691093,0.0
4692001,0.0
4693081,0.0
4694079,0.0
4695002,0.0
4696077,0.0
4697001,0.0
4698084,0.0
4699063,0.0
4700112,0.0
4701020,0.0
4702001,0.0
4703018,0.0
4704076,0.0
4705001,0.0
4706084,0.0
4707003,0.0
4708081,0.0
4709001,0.0
4710019,0.0
4711077,0.0
4712006,0.0
4713085,0.0
4714083,0.0
4715092,0.0
4716081,0.0
4717002,0.0
4718108,0.0
4719001,0.0
4720001,0.0
4721001,0.0
4722001,0.0
4723085,0.0
4724080,0.0
4725079,0.0
4726001,0.0
4727076,0.0
4728075,0.0
4729001,0.0
4730083,0.0
4731001,0.0
4732050,0.0
4733002,0.0
4734097,0.0
4735076,0.0
4736075,0.0
4737002,0.0
4738082,0.0
4739081,0.0
4740079,0.0
4741078,0.0
4742077,0.0
4743001,0.0
4744001,0.0
4745001,0.0
4746092,0.0
4747020,0.0
4748059,0.0
4749018,0.0
4750001,0.0
4751075,0.0
4752084,0.0
4753001,0.0
4754031,0.0
4755080,0.0
4756001,0.0
4757001,0.0
4758096,0.0
4759004,0.0
4760083,0.0
4761066,0.0
4762081,0.0
4763083,0.0
4764081,0.0
4765077,0.0
4766085,0.0
4767001,0.0
4768083,0.0
4769051,0.0
4770080,0.0
4771079,0.0
4772001,0.0
4773076,0.0
4774001,0.0
4775001,0.0
4776082,0.0
4777001,0.0
4778080,0.0
4779088,0.0
4780001,0.0
4781001,0.0
4782001,0.0
4783086,0.0
4784012,0.0
4785080,0.0
4786019,0.0
4787008,0.0
4788076,0.0
4789075,0.0
4790014,0.0
4791001,0.0
4792081,0.0
4793080,0.0
4794002,0.0
4795077,0.0
4796046,0.0
4797045,0.0
4798002,0.0
4799112,0.0
4800001,0.0
4801109,0.0
4802078,0.0
4803080,0.0
4804075,0.0
4805001,0.0
4806083,0.0
4807081,0.0
4808002,0.0
4809079,0.0
4810017,0.0
4811006,0.0
4812045,0.0
4813083,0.0
4814082,0.0
4815091,0.0
4816079,0.0
4817002,0.0
4818006,0.0
4819076,0.0
4820001,0.0
4821013,0.0
4822012,0.0
4823050,0.0
4824001,0.0
4825108,0.0
4826006,0.0
4827075,0.0
4828084,0.0
4829001,0.0
4830061,0.0
4831030,0.0
4832009,0.0
4833107,0.0
4834106,0.0
4835001,0.0
4836083,0.0
4837082,0.0
4838080,0.0
4839004,0.0
4840078,0.0
4841077,0.0
4842079,0.0
4843001,0.0
4844086,0.0
4845081,0.0
4846080,0.0
4847079,0.0
4848047,0.0
4849026,0.0
4850001,0.0
4851083,0.0
4852082,0.0
4853081,0.0
4854109,0.0
4855078,0.0
4856001,0.0
4857076,0.0
4858084,0.0
4859093,0.0
4860082,0.0
4861080,0.0
4862001,0.0
4863008,0.0
4864080,0.0
4865075,0.0
4866001,0.0
4867004,0.0
4868101,0.0
4869001,0.0
4870079,0.0
4871077,0.0
4872002,0.0
4873094,0.0
4874003,0.0
4875082,0.0
4876081,0.0
4877079,0.0
4878078,0.0
4879077,0.0
4880001,0.0
4881014,0.0
4882083,0.0
4883081,0.0
4884083,0.0
4885082,0.0
4886001,0.0
4887001,0.0
4888075,0.0
4889063,0.0
4890062,0.0
4891001,0.0
4892069,0.0
4893058,0.0
4894077,0.0
4895075,0.0
4896004,0.0
4897001,0.0
4898081,0.0
4899005,0.0
4900089,0.0
4901077,0.0
4902060,0.0
4903095,0.0
4904087,0.0
4905086,0.0
4906001,0.0
4907080,0.0
4908028,0.0
4909057,0.0
4910046,0.0
4911002,0.0
4912083,0.0
4913051,0.0
4914100,0.0
4915089,0.0
4916078,0.0
4917077,0.0
4918025,0.0
4919224,0.0
4920083,0.0
4921081,0.0
4922030,0.0
4923049,0.0
4924017,0.0
4925046,0.0
4926001,0.0
4927083,0.0
4928082,0.0
4929080,0.0
4930079,0.0
4931078,0.0
4932047,0.0
4933089,0.0
4934084,0.0
4935001,0.0
4936001,0.0
4937080,0.0
4938001,0.0
4939047,0.0
4940076,0.0
4941045,0.0
4942083,0.0
4943102,0.0
4944081,0.0
4945079,0.0
4946108,0.0
4947047,0.0
4948085,0.0
4949018,0.0
4950017,0.0
4951001,0.0
4952080,0.0
4953083,0.0
4954001,0.0
4955001,0.0
4956085,0.0
4957043,0.0
4958042,0.0
4959081,0.0
4960090,0.0
4961078,0.0
4962002,0.0
4963075,0.0
4964084,0.0
4965063,0.0
4966012,0.0
4967080,0.0
4968059,0.0
4969088,0.0
4970106,0.0
4971049,0.0
4972014,0.0
4973001,0.0
4974031,0.0
4975080,0.0
4976079,0.0
4977077,0.0
4978001,0.0
4979045,0.0
4980073,0.0
4981082,0.0
4982060,0.0
4983002,0.0
4984078,0.0
4985001,0.0
4986001,0.0
4987001,0.0
4988013,0.0
4989081,0.0
4990080,0.0
4991068,0.0
4992001,0.0
4993002,0.0
4994015,0.0
4995087,0.0
4996082,0.0
4997001,0.0
4998001,0.0
4999068,0.0
5000077,0.0
5001075,0.0
5002044,0.0
5003001,0.0
5004062,0.0
5005080,0.0
5006019,0.0
5007038,0.0
5008001,0.0
5009075,0.0
5010084,0.0
5011001,0.0
5012001,0.0
5013083,0.0
5014001,0.0
5015077,0.0
5016001,0.0
5017084,0.0
5018063,0.0
5019052,0.0
5020020,0.0
5021079,0.0
5022078,0.0
5023076,0.0
5024085,0.0
5025044,0.0
5026022,0.0
5027001,0.0
5028001,0.0
5029079,0.0
5030050,0.0
5031049,0.0
5032074,0.0
5033083,0.0
5034082,0.0
5035081,0.0
5036079,0.0
5037028,0.0
5038096,0.0
5039045,0.0
5040104,0.0
5041032,0.0
5042061,0.0
5043080,0.0
5044079,0.0
5045077,0.0
5046076,0.0
5047015,0.0
5048013,0.0
5049082,0.0
5050081,0.0
5051001,0.0
5052078,0.0
5053067,0.0
5054066,0.0
5055001,0.0
5056013,0.0
5057082,0.0
5058001,0.0
5059049,0.0
5060078,0.0
5061077,0.0
5062075,0.0
5063084,0.0
5064022,0.0
5065101,0.0
5066080,0.0
5067078,0.0
5068077,0.0
5069076,0.0
5070084,0.0
5071083,0.0
5072082,0.0
5073001,0.0
5074079,0.0
5075078,0.0
5076077,0.0
5077001,0.0
5078084,0.0
5079073,0.0
5080082,0.0
5081100,0.0
5082079,0.0
5083078,0.0
5084077,0.0
5085075,0.0
5086104,0.0
5087062,0.0
5088081,0.0
5089030,0.0
5090089,0.0
5091077,0.0
5092076,0.0
5093068,0.0
5094073,0.0
5095086,0.0
5096071,0.0
5097090,0.0
5098078,0.0
5099001,0.0
5100106,0.0
5101005,0.0
5102073,0.0
5103022,0.0
5104081,0.0
5105079,0.0
5106028,0.0
5107017,0.0
5108001,0.0
5109004,0.0
5110004,0.0
5111055,0.0
5112080,0.0
5113079,0.0
5114018,0.0
5115067,0.0
5116001,0.0
5117001,0.0
5118083,0.0
5119081,0.0
5120080,0.0
5121059,0.0
5122078,0.0
5123076,0.0
5124075,0.0
5125084,0.0
5126082,0.0
5127091,0.0
5128001,0.0
5129099,0.0
5130077,0.0
5131001,0.0
5132084,0.0
5133004,0.0
5134072,0.0
5135001,0.0
5136002,0.0
5137078,0.0
5138001,0.0
5139076,0.0
5140085,0.0
5141001,0.0
5142001,0.0
5143081,0.0
5144002,0.0
5145018,0.0
5146047,0.0
5147066,0.0
5148001,0.0
5149004,0.0
5150082,0.0
5151080,0.0
5152053,0.0
5153048,0.0
5154001,0.0
5155026,0.0
5156001,0.0
5157083,0.0
5158082,0.0
5159060,0.0
5160069,0.0
5161078,0.0
5162076,0.0
5163095,0.0
5164001,0.0
5165023,0.0
5166081,0.0
5167001,0.0
5168002,0.0
5169078,0.0
5170077,0.0
5171001,0.0
5172048,0.0
5173002,0.0
5174062,0.0
5175001,0.0
5176059,0.0
5177038,0.0
5178077,0.0
5179001,0.0
5180001,0.0
5181103,0.0
5182071,0.0
5183080,0.0
5184079,0.0
5185078,0.0
5186077,0.0
5187055,0.0
5188074,0.0
5189073,0.0
5190004,0.0
5191070,0.0
5192001,0.0
5193078,0.0
5194001,0.0
5195079,0.0
5196108,0.0
5197002,0.0
5198082,0.0
5199060,0.0
5200079,0.0
5201001,0.0
5202077,0.0
5203076,0.0
5204074,0.0
5205002,0.0
5206001,0.0
5207031,0.0
5208079,0.0
5209078,0.0
5210087,0.0
5211049,0.0
5212048,0.0
5213083,0.0
5214001,0.0
5215081,0.0
5216080,0.0
5217001,0.0
5218001,0.0
5219001,0.0
5220075,0.0
5221014,0.0
5222102,0.0
5223081,0.0
5224020,0.0
5225069,0.0
5226018,0.0
5227001,0.0
5228075,0.0
5229004,0.0
5230063,0.0
5231082,0.0
5232080,0.0
5233002,0.0
5234008,0.0
5235002,0.0
5236076,0.0
5237025,0.0
5238001,0.0
5239042,0.0
5240081,0.0
5241080,0.0
5242079,0.0
5243077,0.0
5244001,0.0
5245085,0.0
5246084,0.0
5247093,0.0
5248062,0.0
5249081,0.0
5250079,0.0
5251001,0.0
5252077,0.0
5253069,0.0
5254084,0.0
5255087,0.0
5256085,0.0
5257001,0.0
5258001,0.0
5259039,0.0
5260047,0.0
5261002,0.0
5262075,0.0
5263104,0.0
5264013,0.0
5265082,0.0
5266001,0.0
5267001,0.0
5268078,0.0
5269077,0.0
5270086,0.0
5271095,0.0
5272074,0.0
5273066,0.0
5274021,0.0
5275060,0.0
5276082,0.0
5277078,0.0
5278026,0.0
5279075,0.0
5280074,0.0
5281063,0.0
5282062,0.0
5283081,0.0
5284001,0.0
5285002,0.0
5286001,0.0
5287096,0.0
5288025,0.0
5289001,0.0
5290083,0.0
5291081,0.0
5292080,0.0
5293001,0.0
5294001,0.0
5295001,0.0
5296002,0.0
5297002,0.0
5298063,0.0
5299082,0.0
5300021,0.0
5301002,0.0
5302059,0.0
5303078,0.0
5304076,0.0
5305075,0.0
5306084,0.0
5307083,0.0
5308082,0.0
5309081,0.0
5310004,0.0
5311088,0.0
5312077,0.0
5313096,0.0
5314085,0.0
5315001,0.0
5316083,0.0
5317082,0.0
5318081,0.0
5319079,0.0
5320069,0.0
5321001,0.0
5322076,0.0
5323075,0.0
5324064,0.0
5325092,0.0
5326071,0.0
5327080,0.0
5328001,0.0
5329038,0.0
5330005,0.0
5331076,0.0
5332085,0.0
5333084,0.0
5334102,0.0
5335071,0.0
5336084,0.0
5337019,0.0
5338028,0.0
5339001,0.0
5340096,0.0
5341005,0.0
5342083,0.0
5343001,0.0
5344081,0.0
5345001,0.0
5346109,0.0
5347078,0.0
5348077,0.0
5349075,0.0
5350084,0.0
5351053,0.0
5352001,0.0
5353081,0.0
5354070,0.0
5355009,0.0
5356008,0.0
5357077,0.0
5358075,0.0
5359084,0.0
5360083,0.0
5361082,0.0
5362001,0.0
5363080,0.0
5364001,0.0
5365077,0.0
5366006,0.0
5367025,0.0
5368054,0.0
5369063,0.0
5370082,0.0
5371061,0.0
5372110,0.0
5373049,0.0
5374077,0.0
5375080,0.0
5376085,0.0
5377084,0.0
5378013,0.0
5379102,0.0
5380081,0.0
5381001,0.0
5382001,0.0
5383077,0.0
5384076,0.0
5385075,0.0
5386084,0.0
5387001,0.0
5388001,0.0
5389070,0.0
5390006,0.0
5391078,0.0
5392077,0.0
5393076,0.0
5394079,0.0
5395044,0.0
5396001,0.0
5397082,0.0
5398081,0.0
5399001,0.0
5400078,0.0
5401001,0.0
5402076,0.0
5403085,0.0
5404104,0.0
5405013,0.0
5406082,0.0
5407061,0.0
5408079,0.0
5409001,0.0
5410077,0.0
5411076,0.0
5412001,0.0
5413004,0.0
5414083,0.0
5415006,0.0
5416071,0.0
5417030,0.0
5418078,0.0
5419001,0.0
5420001,0.0
5421075,0.0
5422104,0.0
5423003,0.0
5424062,0.0
5425001,0.0
5426080,0.0
5427009,0.0
5428017,0.0
5429001,0.0
5430045,0.0
5431084,0.0
5432063,0.0
5433082,0.0
5434061,0.0
5435100,0.0
5436049,0.0
5437002,0.0
5438007,0.0
5439045,0.0
5440001,0.0
5441004,0.0
5442001,0.0
5443061,0.0
5444010,0.0
5445079,0.0
5446078,0.0
5447077,0.0
5448046,0.0
5449104,0.0
5450094,0.0
5451001,0.0
5452051,0.0
5453030,0.0
5454001,0.0
5455068,0.0
5456107,0.0
5457049,0.0
5458068,0.0
5459084,0.0
5460086,0.0
5461085,0.0
5462081,0.0
5463019,0.0
5464078,0.0
5465077,0.0
5466056,0.0
5467045,0.0
5468024,0.0
5469001,0.0
5470001,0.0
5471001,0.0
5472001,0.0
5473079,0.0
5474047,0.0
5475077,0.0
5476085,0.0
5477048,0.0
5478083,0.0
5479082,0.0
5480061,0.0
5481114,0.0
5482049,0.0
5483078,0.0
5484001,0.0
5485001,0.0
5486104,0.0
5487083,0.0
5488072,0.0
5489001,0.0
5490002,0.0
5491049,0.0
5492048,0.0
5493002,0.0
5494076,0.0
5495085,0.0
5496001,0.0
5497083,0.0
5498082,0.0
5499084,0.0
5500019,0.0
5501082,0.0
5502077,0.0
5503077,0.0
5504055,0.0
5505084,0.0
5506003,0.0
5507082,0.0
5508001,0.0
5509050,0.0
5510069,0.0
5511018,0.0
5512077,0.0
5513056,0.0
5514104,0.0
5515104,0.0
5516082,0.0
5517071,0.0
5518080,0.0
5519079,0.0
5520082,0.0
5521001,0.0
5522001,0.0
5523001,0.0
5524084,0.0
5525083,0.0
5526082,0.0
5527081,0.0
5528080,0.0
5529079,0.0
5530001,0.0
5531027,0.0
5532075,0.0
5533054,0.0
5534063,0.0
5535082,0.0
5536001,0.0
5537080,0.0
5538002,0.0
5539002,0.0
5540002,0.0
5541080,0.0
5542085,0.0
5543094,0.0
5544013,0.0
5545062,0.0
5546061,0.0
5547002,0.0
5548079,0.0
5549078,0.0
5550067,0.0
5551075,0.0
5552104,0.0
5553053,0.0
5554001,0.0
5555081,0.0
5556024,0.0
5557079,0.0
5558108,0.0
5559001,0.0
5560001,0.0
5561002,0.0
5562108,0.0
5563001,0.0
5564082,0.0
5565001,0.0
5566001,0.0
5567079,0.0
5568078,0.0
5569001,0.0
5570076,0.0
5571001,0.0
5572083,0.0
5573082,0.0
5574081,0.0
5575070,0.0
5576079,0.0
5577088,0.0
5578001,0.0
5579001,0.0
5580079,0.0
5581088,0.0
5582086,0.0
5583082,0.0
5584001,0.0
5585080,0.0
5586079,0.0
5587078,0.0
5588077,0.0
5589066,0.0
5590085,0.0
5591001,0.0
5592001,0.0
5593081,0.0
5594090,0.0
5595079,0.0
5596004,0.0
5597078,0.0
5598076,0.0
5599075,0.0
5600001,0.0
5601087,0.0
5602086,0.0
5603106,0.0
5604050,0.0
5605001,0.0
5606028,0.0
5607057,0.0
5608002,0.0
5609085,0.0
5610001,0.0
5611001,0.0
5612082,0.0
5613001,0.0
5614080,0.0
5615001,0.0
5616002,0.0
5617001,0.0
5618076,0.0
5619058,0.0
5620084,0.0
5621004,0.0
5622085,0.0
5623084,0.0
5624079,0.0
5625002,0.0
5626077,0.0
5627077,0.0
5628001,0.0
5629085,0.0
5630073,0.0
5631083,0.0
5632001,0.0
5633080,0.0
5634079,0.0
5635108,0.0
5636077,0.0
5637006,0.0
5638075,0.0
5639028,0.0
5640067,0.0
5641001,0.0
5642085,0.0
5643084,0.0
5644001,0.0
5645078,0.0
5646067,0.0
5647001,0.0
5648085,0.0
5649084,0.0
5650001,0.0
5651082,0.0
5652071,0.0
5653080,0.0
5654001,0.0
5655078,0.0
5656077,0.0
5657001,0.0
5658004,0.0
5659084,0.0
5660083,0.0
5661085,0.0
5662001,0.0
5663083,0.0
5664001,0.0
5665001,0.0
5666077,0.0
5667076,0.0
5668075,0.0
5669001,0.0
5670083,0.0
5671082,0.0
5672081,0.0
5673090,0.0
5674001,0.0
5675078,0.0
5676007,0.0
5677001,0.0
5678085,0.0
5679084,0.0
5680083,0.0
5681082,0.0
5682001,0.0
5683040,0.0
5684001,0.0
5685078,0.0
5686007,0.0
5687106,0.0
5688085,0.0
5689001,0.0
5690004,0.0
5691081,0.0
5692001,0.0
5693079,0.0
5694079,0.0
5695017,0.0
5696077,0.0
5697066,0.0
5698085,0.0
5699084,0.0
5700001,0.0
5701082,0.0
5702011,0.0
5703080,0.0
5704082,0.0
5705001,0.0
5706007,0.0
5707001,0.0
5708001,0.0
5709043,0.0
5710001,0.0
5711082,0.0
5712061,0.0
5713079,0.0
5714001,0.0
5715002,0.0
5716001,0.0
5717076,0.0
5718085,0.0
5719084,0.0
5720083,0.0
5721082,0.0
5722080,0.0
5723079,0.0
5724082,0.0
5725001,0.0
5726077,0.0
5727106,0.0
5728005,0.0
5729084,0.0
5730004,0.0
5731002,0.0
5732081,0.0
5733080,0.0
5734002,0.0
5735078,0.0
5736001,0.0
5737096,0.0
5738005,0.0
5739084,0.0
5740001,0.0
5741012,0.0
5742081,0.0
5743050,0.0
5744049,0.0
5745078,0.0
5746077,0.0
5747076,0.0
5748095,0.0
5749024,0.0
5750083,0.0
5751001,0.0
5752001,0.0
5753001,0.0
5754019,0.0
5755078,0.0
5756047,0.0
5757076,0.0
5758085,0.0
5759104,0.0
5760073,0.0
5761112,0.0
5762081,0.0
5763080,0.0
5764001,0.0
5765001,0.0
5766077,0.0
5767002,0.0
5768085,0.0
5769084,0.0
5770002,0.0
5771004,0.0
5772091,0.0
5773050,0.0
5774079,0.0
5775001,0.0
5776077,0.0
5777067,0.0
5778004,0.0
5779084,0.0
5780001,0.0
5781001,0.0
5782082,0.0
5783071,0.0
5784113,0.0
5785079,0.0
5786078,0.0
5787001,0.0
5788106,0.0
5789001,0.0
5790001,0.0
5791023,0.0
5792082,0.0
5793001,0.0
5794070,0.0
5795069,0.0
5796048,0.0
5797004,0.0
5798005,0.0
5799075,0.0
5800058,0.0
5801077,0.0
5802072,0.0
5803001,0.0
5804080,0.0
5805001,0.0
5806078,0.0
5807077,0.0
5808076,0.0
5809075,0.0
5810094,0.0
5811083,0.0
5812053,0.0
5813001,0.0
5814081,0.0
5815001,0.0
5816079,0.0
5817048,0.0
5818030,0.0
5819001,0.0
5820068,0.0
5821104,0.0
5822086,0.0
5823001,0.0
5824001,0.0
5825050,0.0
5826059,0.0
5827078,0.0
5828077,0.0
5829056,0.0
5830085,0.0
5831084,0.0
5832073,0.0
5833022,0.0
5834002,0.0
5835001,0.0
5836079,0.0
5837019,0.0
5838001,0.0
5839087,0.0
5840106,0.0
5841001,0.0
5842054,0.0
5843003,0.0
5844105,0.0
5845081,0.0
5846080,0.0
5847001,0.0
5848002,0.0
5849001,0.0
5850106,0.0
5851001,0.0
5852004,0.0
5853004,0.0
5854082,0.0
5855081,0.0
5856080,0.0
5857069,0.0
5858089,0.0
5859077,0.0
5860001,0.0
5861001,0.0
5862001,0.0
5863074,0.0
5864003,0.0
5865022,0.0
5866081,0.0
5867080,0.0
5868019,0.0
5869048,0.0
5870077,0.0
5871001,0.0
5872075,0.0
5873004,0.0
5874003,0.0
5875001,0.0
5876051,0.0
5877002,0.0
5878080,0.0
5879022,0.0
5880001,0.0
5881077,0.0
5882096,0.0
5883055,0.0
5884087,0.0
5885083,0.0
5886001,0.0
5887031,0.0
5888002,0.0
5889079,0.0
5890001,0.0
5891001,0.0
5892002,0.0
5893002,0.0
5894001,0.0
5895084,0.0
5896083,0.0
5897082,0.0
5898011,0.0
5899004,0.0
5900012,0.0
5901078,0.0
5902077,0.0
5903076,0.0
5904088,0.0
5905074,0.0
5906001,0.0
5907082,0.0
5908031,0.0
5909050,0.0
5910060,0.0
5911079,0.0
5912077,0.0
5913077,0.0
5914001,0.0
5915002,0.0
5916094,0.0
5917001,0.0
5918102,0.0
5919004,0.0
5920080,0.0
5921079,0.0
5922001,0.0
5923077,0.0
5924080,0.0
5925075,0.0
5926015,0.0
5927083,0.0
5928043,0.0
5929062,0.0
5930061,0.0
5931090,0.0
5932089,0.0
5933008,0.0
5934067,0.0
5935096,0.0
5936085,0.0
5937014,0.0
5938083,0.0
5939082,0.0
5940061,0.0
5941001,0.0
5942080,0.0
5943089,0.0
5944002,0.0
5945067,0.0
5946001,0.0
5947085,0.0
5948084,0.0
5949073,0.0
5950082,0.0
5951051,0.0
5952080,0.0
5953049,0.0
5954001,0.0
5955017,0.0
5956077,0.0
5957106,0.0
5958075,0.0
5959084,0.0
5960001,0.0
5961082,0.0
5962084,0.0
5963084,0.0
5964083,0.0
5965078,0.0
5966058,0.0
5967077,0.0
5968026,0.0
5969005,0.0
5970074,0.0
5971083,0.0
5972082,0.0
5973001,0.0
5974080,0.0
5975079,0.0
5976001,0.0
5977107,0.0
5978004,0.0
5979075,0.0
5980001,0.0
5981084,0.0
5982082,0.0
5983085,0.0
5984001,0.0
5985080,0.0
5986002,0.0
5987028,0.0
5988047,0.0
5989046,0.0
5990002,0.0
5991085,0.0
5992002,0.0
5993003,0.0
5994082,0.0
5995031,0.0
5996080,0.0
5997002,0.0
5998078,0.0
5999020,0.0
6000116,0.0
6001095,0.0
6002001,0.0
6003004,0.0
6004023,0.0
6005085,0.0
6006084,0.0
6007080,0.0
6008079,0.0
6009008,0.0
6010077,0.0
6011076,0.0
6012085,0.0
6013002,0.0
6014083,0.0
6015003,0.0
6016012,0.0
6017001,0.0
6018010,0.0
6019001,0.0
6020088,0.0
6021001,0.0
6022096,0.0
6023085,0.0
6024085,0.0
6025004,0.0
6026013,0.0
6027082,0.0
6028081,0.0
6029050,0.0
6030079,0.0
6031078,0.0
6032077,0.0
6033076,0.0
6034075,0.0
6035024,0.0
6036083,0.0
6037082,0.0
6038102,0.0
6039011,0.0
6040030,0.0
6041049,0.0
6042078,0.0
6043061,0.0
6044076,0.0
6045079,0.0
6046074,0.0
6047087,0.0
6048063,0.0
6049082,0.0
6050001,0.0
6051080,0.0
6052079,0.0
6053078,0.0
6054001,0.0
6055077,0.0
6056001,0.0
6057005,0.0
6058001,0.0
6059001,0.0
6060052,0.0
6061081,0.0
6062080,0.0
6063009,0.0
6064001,0.0
6065077,0.0
6066077,0.0
6067106,0.0
6068085,0.0
6069084,0.0
6070083,0.0
6071062,0.0
6072081,0.0
6073006,0.0
6074001,0.0
6075078,0.0
6076018,0.0
6077080,0.0
6078046,0.0
6079089,0.0
6080084,0.0
6081083,0.0
6082001,0.0
6083001,0.0
6084081,0.0
6085079,0.0
6086079,0.0
6087001,0.0
6088077,0.0
6089076,0.0
6090085,0.0
6091002,0.0
6092073,0.0
6093083,0.0
6094061,0.0
6095001,0.0
6096030,0.0
6097082,0.0
6098048,0.0
6099001,0.0
6100076,0.0
6101001,0.0
6102085,0.0
6103084,0.0
6104083,0.0
6105082,0.0
6106001,0.0
6107001,0.0
6108001,0.0
6109028,0.0
6110077,0.0
6111077,0.0
6112076,0.0
6113065,0.0
6114064,0.0
6115093,0.0
6116082,0.0
6117001,0.0
6118002,0.0
6119079,0.0
6120088,0.0
6121002,0.0
6122077,0.0
6123076,0.0
6124075,0.0
6125064,0.0
6126002,0.0
6127001,0.0
6128081,0.0
6129001,0.0
6130080,0.0
6131009,0.0
6132004,0.0
6133087,0.0
6134076,0.0
6135001,0.0
6136105,0.0
6137001,0.0
6138086,0.0
6139001,0.0
6140001,0.0
6141020,0.0
6142049,0.0
6143039,0.0
6144008,0.0
6145002,0.0
6146076,0.0
6147075,0.0
6148001,0.0
6149073,0.0
6150002,0.0
6151081,0.0
6152081,0.0
6153100,0.0
6154089,0.0
6155078,0.0
6156107,0.0
6157001,0.0
6158075,0.0
6159001,0.0
6160083,0.0
6161083,0.0
6162032,0.0
6163101,0.0
6164080,0.0
6165079,0.0
6166078,0.0
6167047,0.0
6168027,0.0
6169001,0.0
6170075,0.0
6171074,0.0
6172073,0.0
6173004,0.0
6174061,0.0
6175080,0.0
6176040,0.0
6177049,0.0
6178081,0.0
6179067,0.0
6180006,0.0
6181006,0.0
6182001,0.0
6183094,0.0
6184001,0.0
6185032,0.0
6186081,0.0
6187080,0.0
6188079,0.0
6189078,0.0
6190028,0.0
6191027,0.0
6192086,0.0
6193045,0.0
6194104,0.0
6195004,0.0
6196001,0.0
6197051,0.0
6198071,0.0
6199110,0.0
6200079,0.0
6201078,0.0
6202027,0.0
6203046,0.0
6204075,0.0
6205085,0.0
6206024,0.0
6207013,0.0
6208082,0.0
6209011,0.0
6210100,0.0
6211079,0.0
6212059,0.0
6213001,0.0
6214077,0.0
6215076,0.0
6216002,0.0
6217074,0.0
6218083,0.0
6219092,0.0
6220082,0.0
6221081,0.0
6222080,0.0
6223019,0.0
6224078,0.0
6225077,0.0
6226077,0.0
6227056,0.0
6228085,0.0
6229084,0.0
6230004,0.0
6231012,0.0
6232071,0.0
6233100,0.0
6234043,0.0
6235079,0.0
6236028,0.0
6237067,0.0
6238079,0.0
6239075,0.0
6240085,0.0
6241064,0.0
6242063,0.0
6243002,0.0
6244081,0.0
6245080,0.0
6246039,0.0
6247049,0.0
6248078,0.0
6249077,0.0
6250001,0.0
6251065,0.0
6252004,0.0
6253064,0.0
6254083,0.0
6255001,0.0
6256011,0.0
6257001,0.0
6258079,0.0
6259108,0.0
6260001,0.0
6261076,0.0
6262001,0.0
6263075,0.0
6264084,0.0
6265063,0.0
6266082,0.0
6267001,0.0
6268081,0.0
6269010,0.0
6270001,0.0
6271108,0.0
6272057,0.0
6273001,0.0
6274001,0.0
6275085,0.0
6276014,0.0
6277083,0.0
6278001,0.0
6279101,0.0
6280081,0.0
6281040,0.0
6282001,0.0
6283001,0.0
6284002,0.0
6285076,0.0
6286075,0.0
6287104,0.0
6288054,0.0
6289083,0.0
6290082,0.0
6291031,0.0
6292080,0.0
6293049,0.0
6294079,0.0
6295078,0.0
6296077,0.0
6297080,0.0
6298089,0.0
6299085,0.0
6300001,0.0
6301002,0.0
6302082,0.0
6303081,0.0
6304080,0.0
6305079,0.0
6306001,0.0
6307018,0.0
6308001,0.0
6309001,0.0
6310001,0.0
6311015,0.0
6312002,0.0
6313083,0.0
6314112,0.0
6315044,0.0
6316020,0.0
6317001,0.0
6318028,0.0
6319002,0.0
6320077,0.0
6321096,0.0
6322085,0.0
6323084,0.0
6324083,0.0
6325093,0.0
6326102,0.0
6327081,0.0
6328020,0.0
6329002,0.0
6330079,0.0
6331078,0.0
6332006,0.0
6333009,0.0
6334075,0.0
6335048,0.0
6336054,0.0
6337086,0.0
6338105,0.0
6339081,0.0
6340002,0.0
6341002,0.0
6342049,0.0
6343001,0.0
6344077,0.0
6345026,0.0
6346075,0.0
6347074,0.0
6348004,0.0
6349082,0.0
6350082,0.0
6351081,0.0
6352080,0.0
6353079,0.0
6354052,0.0
6355018,0.0
6356070,0.0
6357076,0.0
6358089,0.0
6359001,0.0
6360064,0.0
6361083,0.0
6362062,0.0
6363031,0.0
6364001,0.0
6365001,0.0
6366001,0.0
6367008,0.0
6368017,0.0
6369026,0.0
6370001,0.0
6371015,0.0
6372003,0.0
6373083,0.0
6374082,0.0
6375035,0.0
6376080,0.0
6377040,0.0
6378082,0.0
6379078,0.0
6380001,0.0
6381076,0.0
6382001,0.0
6383002,0.0
6384084,0.0
6385093,0.0
6386082,0.0
6387001,0.0
6388081,0.0
6389030,0.0
6390001,0.0
6391078,0.0
6392001,0.0
6393006,0.0
6394096,0.0
6395105,0.0
6396104,0.0
6397083,0.0
6398001,0.0
6399081,0.0
6400081,0.0
6401050,0.0
6402079,0.0
6403008,0.0
6404047,0.0
6405007,0.0
6406076,0.0
6407045,0.0
6408001,0.0
6409013,0.0
6410082,0.0
6411072,0.0
6412081,0.0
6413080,0.0
6414001,0.0
6415062,0.0
6416017,0.0
6417097,0.0
6418056,0.0
6419075,0.0
6420074,0.0
6421063,0.0
6422002,0.0
6423032,0.0
6424001,0.0
6425080,0.0
6426001,0.0
6427078,0.0
6428078,0.0
6429077,0.0
6430076,0.0
6431085,0.0
6432002,0.0
6433084,0.0
6434004,0.0
6435065,0.0
6436085,0.0
6437071,0.0
6438002,0.0
6439001,0.0
6440078,0.0
6441107,0.0
6442001,0.0
6443001,0.0
6444005,0.0
6445084,0.0
6446083,0.0
6447001,0.0
6448071,0.0
6449080,0.0
6450080,0.0
6451049,0.0
6452078,0.0
6453001,0.0
6454086,0.0
6455076,0.0
6456085,0.0
6457088,0.0
6458087,0.0
6459023,0.0
6460012,0.0
6461001,0.0
6462060,0.0
6463109,0.0
6464001,0.0
6465028,0.0
6466077,0.0
6467026,0.0
6468001,0.0
6469075,0.0
6470084,0.0
6471001,0.0
6472042,0.0
6473051,0.0
6474080,0.0
6475001,0.0
6476079,0.0
6477082,0.0
6478081,0.0
6479026,0.0
6480076,0.0
6481045,0.0
6482044,0.0
6483004,0.0
6484083,0.0
6485001,0.0
6486071,0.0
6487080,0.0
6488001,0.0
6489028,0.0
6490001,0.0
6491077,0.0
6492086,0.0
6493085,0.0
6494084,0.0
6495084,0.0
6496086,0.0
6497001,0.0
6498001,0.0
6499081,0.0
6500049,0.0
6501049,0.0
6502001,0.0
6503077,0.0
6504001,0.0
6505001,0.0
6506002,0.0
6507001,0.0
6508083,0.0
6509083,0.0
6510082,0.0
6511081,0.0
6512080,0.0
6513079,0.0
6514078,0.0
6515078,0.0
6516077,0.0
6517080,0.0
6518075,0.0
6519085,0.0
6520084,0.0
6521083,0.0
6522002,0.0
6523021,0.0
6524060,0.0
6525079,0.0
6526079,0.0
6527078,0.0
6528047,0.0
6529037,0.0
6530076,0.0
6531001,0.0
6532084,0.0
6533007,0.0
6534002,0.0
6535082,0.0
6536001,0.0
6537084,0.0
6538001,0.0
6539001,0.0
6540001,0.0
6541077,0.0
6542076,0.0
6543075,0.0
6544085,0.0
6545001,0.0
6546043,0.0
6547052,0.0
6548071,0.0
6549081,0.0
6550080,0.0
6551001,0.0
6552078,0.0
6553078,0.0
6554001,0.0
6555006,0.0
6556085,0.0
6557001,0.0
6558074,0.0
6559002,0.0
6560102,0.0
6561081,0.0
6562080,0.0
6563002,0.0
6564049,0.0
6565048,0.0
6566001,0.0
6567002,0.0
6568001,0.0
6569085,0.0
6570084,0.0
6571001,0.0
6572092,0.0
6573004,0.0
6574001,0.0
6575010,0.0
6576001,0.0
6577079,0.0
6578078,0.0
6579002,0.0
6580076,0.0
6581075,0.0
6582104,0.0
6583104,0.0
6584003,0.0
6585082,0.0
6586081,0.0
6587001,0.0
6588080,0.0
6589049,0.0
6590078,0.0
6591077,0.0
6592001,0.0
6593086,0.0
6594001,0.0
6595084,0.0
6596001,0.0
6597002,0.0
6598082,0.0
6599001,0.0
6600111,0.0
6601080,0.0
6602079,0.0
6603108,0.0
6604077,0.0
6605037,0.0
6606079,0.0
6607045,0.0
6608084,0.0
6609083,0.0
6610073,0.0
6611012,0.0
6612081,0.0
6613090,0.0
6614001,0.0
6615079,0.0
6616078,0.0
6617077,0.0
6618077,0.0
6619076,0.0
6620095,0.0
6621001,0.0
6622047,0.0
6623001,0.0
6624082,0.0
6625084,0.0
6626020,0.0
6627060,0.0
6628049,0.0
6629078,0.0
6630057,0.0
6631001,0.0
6632075,0.0
6633075,0.0
6634104,0.0
6635001,0.0
6636083,0.0
6637082,0.0
6638041,0.0
6639050,0.0
6640004,0.0
6641022,0.0
6642051,0.0
6643077,0.0
6644076,0.0
6645001,0.0
6646088,0.0
6647001,0.0
6648083,0.0
6649082,0.0
6650062,0.0
6651081,0.0
6652080,0.0
6653001,0.0
6654079,0.0
6655108,0.0
6656077,0.0
6657066,0.0
6658001,0.0
6659025,0.0
6660004,0.0
6661053,0.0
6662001,0.0
6663082,0.0
6664081,0.0
6665083,0.0
6666079,0.0
6667001,0.0
6668002,0.0
6669027,0.0
6670076,0.0
6671001,0.0
6672085,0.0
6673024,0.0
6674003,0.0
6675062,0.0
6676001,0.0
6677001,0.0
6678001,0.0
6679049,0.0
6680018,0.0
6681006,0.0
6682002,0.0
6683076,0.0
6684001,0.0
6685088,0.0
6686044,0.0
6687083,0.0
6688042,0.0
6689082,0.0
6690001,0.0
6691001,0.0
6692001,0.0
6693079,0.0
6694048,0.0
6695001,0.0
6696076,0.0
6697001,0.0
6698075,0.0
6699002,0.0
6700013,0.0
6701016,0.0
6702082,0.0
6703081,0.0
6704002,0.0
6705001,0.0
6706049,0.0
6707078,0.0
6708077,0.0
6709001,0.0
6710056,0.0
6711095,0.0
6712084,0.0
6713103,0.0
6714003,0.0
6715082,0.0
6716031,0.0
6717080,0.0
6718001,0.0
6719001,0.0
6720088,0.0
6721047,0.0
6722040,0.0
6723076,0.0
6724055,0.0
6725084,0.0
6726004,0.0
6727001,0.0
6728001,0.0
6729081,0.0
6730002,0.0
6731080,0.0
6732069,0.0
6733001,0.0
6734047,0.0
6735026,0.0
6736076,0.0
6737055,0.0
6738001,0.0
6739084,0.0
6740013,0.0
6741052,0.0
6742081,0.0
6743080,0.0
6744090,0.0
6745079,0.0
6746108,0.0
6747077,0.0
6748057,0.0
6749001,0.0
6750002,0.0
6751074,0.0
6752084,0.0
6753001,0.0
6754082,0.0
6755081,0.0
6756081,0.0
6757070,0.0
6758001,0.0
6759078,0.0
6760068,0.0
6761001,0.0
6762086,0.0
6763001,0.0
6764085,0.0
6765087,0.0
6766063,0.0
6767082,0.0
6768072,0.0
6769011,0.0
6770080,0.0
6771039,0.0
6772009,0.0
6773078,0.0
6774077,0.0
6775076,0.0
6776076,0.0
6777055,0.0
6778001,0.0
6779083,0.0
6780083,0.0
6781082,0.0
6782006,0.0
6783080,0.0
6784019,0.0
6785079,0.0
6786078,0.0
6787081,0.0
6788077,0.0
6789106,0.0
6790085,0.0
6791024,0.0
6792074,0.0
6793003,0.0
6794072,0.0
6795061,0.0
6796081,0.0
6797080,0.0
6798059,0.0
6799078,0.0
6800001,0.0
6801001,0.0
6802004,0.0
6803085,0.0
6804015,0.0
6805084,0.0
6806001,0.0
6807062,0.0
6808051,0.0
6809081,0.0
6810080,0.0
6811001,0.0
6812029,0.0
6813078,0.0
6814067,0.0
6815077,0.0
6816001,0.0
6817055,0.0
6818084,0.0
6819003,0.0
6820083,0.0
6821042,0.0
6822071,0.0
6823024,0.0
6824100,0.0
6825079,0.0
6826108,0.0
6827047,0.0
6828047,0.0
6829001,0.0
6830085,0.0
6831085,0.0
6832104,0.0
6833083,0.0
6834001,0.0
6835051,0.0
6836081,0.0
6837050,0.0
6838049,0.0
6839049,0.0
6840001,0.0
6841001,0.0
6842046,0.0
6843076,0.0
6844075,0.0
6845048,0.0
6846077,0.0
6847001,0.0
6848085,0.0
6849001,0.0
6850002,0.0
6851002,0.0
6852002,0.0
6853008,0.0
6854077,0.0
6855002,0.0
6856076,0.0
6857065,0.0
6858001,0.0
6859034,0.0
6860013,0.0
6861002,0.0
6862092,0.0
6863021,0.0
6864080,0.0
6865079,0.0
6866082,0.0
6867081,0.0
6868081,0.0
6869002,0.0
6870056,0.0
6871055,0.0
6872064,0.0
6873073,0.0
6874002,0.0
6875001,0.0
6876031,0.0
6877081,0.0
6878080,0.0
6879001,0.0
6880038,0.0
6881058,0.0
6882077,0.0
6883016,0.0
6884085,0.0
6885074,0.0
6886001,0.0
6887053,0.0
6888001,0.0
6889082,0.0
6890081,0.0
6891001,0.0
6892039,0.0
6893001,0.0
6894002,0.0
6895077,0.0
6896077,0.0
6897001,0.0
6898085,0.0
6899014,0.0
6900084,0.0
6901083,0.0
6902001,0.0
6903002,0.0
6904001,0.0
6905070,0.0
6906079,0.0
6907078,0.0
6908002,0.0
6909047,0.0
6910001,0.0
6911076,0.0
6912002,0.0
6913084,0.0
6914073,0.0
6915082,0.0
6916082,0.0
6917081,0.0
6918060,0.0
6919030,0.0
6920049,0.0
6921078,0.0
6922002,0.0
6923087,0.0
6924086,0.0
6925001,0.0
6926075,0.0
6927068,0.0
6928013,0.0
6929086,0.0
6930082,0.0
6931002,0.0
6932002,0.0
6933079,0.0
6934089,0.0
6935008,0.0
6936047,0.0
6937077,0.0
6938076,0.0
6939085,0.0
6940004,0.0
6941074,0.0
6942001,0.0
6943003,0.0
6944052,0.0
6945001,0.0
6946080,0.0
6947002,0.0
6948069,0.0
6949078,0.0
6950077,0.0
6951026,0.0
6952076,0.0
6953045,0.0
6954001,0.0
6955084,0.0
6956001,0.0
6957082,0.0
6958001,0.0
6959081,0.0
6960001,0.0
6961001,0.0
6962079,0.0
6963088,0.0
6964031,0.0
6965076,0.0
6966001,0.0
6967065,0.0
6968001,0.0
6969073,0.0
6970083,0.0
6971102,0.0
6972071,0.0
6973081,0.0
6974001,0.0
6975009,0.0
6976079,0.0
6977048,0.0
6978097,0.0
6979076,0.0
6980075,0.0
6981085,0.0
6982084,0.0
6983073,0.0
6984113,0.0
6985001,0.0
6986061,0.0
6987071,0.0
6988083,0.0
6989001,0.0
6990078,0.0
6991078,0.0
6992057,0.0
6993076,0.0
6994075,0.0
6995001,0.0
6996084,0.0
6997083,0.0
6998002,0.0
6999082,0.0
7000061,0.0
7001080,0.0
7002001,0.0
7003079,0.0
7004078,0.0
7005078,0.0
7006077,0.0
7007080,0.0
7008109,0.0
7009005,0.0
7010094,0.0
7011083,0.0
7012001,0.0
7013082,0.0
7014001,0.0
7015001,0.0
7016080,0.0
7017079,0.0
7018078,0.0
7019078,0.0
7020077,0.0
7021056,0.0
7022045,0.0
7023008,0.0
7024084,0.0
7025083,0.0
7026082,0.0
7027001,0.0
7028001,0.0
7029104,0.0
7030090,0.0
7031079,0.0
7032078,0.0
7033078,0.0
7034077,0.0
7035076,0.0
7036075,0.0
7037002,0.0
7038074,0.0
7039073,0.0
7040083,0.0
7041001,0.0
7042081,0.0
7043001,0.0
7044080,0.0
7045002,0.0
7046078,0.0
7047018,0.0
7048080,0.0
7049036,0.0
7050056,0.0
7051002,0.0
7052001,0.0
7053003,0.0
7054103,0.0
7055001,0.0
7056081,0.0
7057001,0.0
7058080,0.0
7059079,0.0
7060008,0.0
7061098,0.0
7062077,0.0
7063004,0.0
7064001,0.0
7065001,0.0
7066084,0.0
7067084,0.0
7068086,0.0
7069086,0.0
7070051,0.0
7071011,0.0
7072070,0.0
7073049,0.0
7074108,0.0
7075078,0.0
7076017,0.0
7077067,0.0
7078076,0.0
7079001,0.0
7080002,0.0
7081044,0.0
7082073,0.0
7083102,0.0
7084061,0.0
7085061,0.0
7086080,0.0
7087001,0.0
7088089,0.0
7089028,0.0
7090077,0.0
7091001,0.0
7092056,0.0
7093075,0.0
7094085,0.0
7095084,0.0
7096023,0.0
7097082,0.0
7098082,0.0
7099081,0.0
7100001,0.0
7101079,0.0
7102079,0.0
7103108,0.0
7104001,0.0
7105087,0.0
7106096,0.0
7107075,0.0
7108005,0.0
7109074,0.0
7110001,0.0
7111083,0.0
7112082,0.0
7113081,0.0
7114090,0.0
7115080,0.0
7116001,0.0
7117078,0.0
7118108,0.0
7119002,0.0
7120076,0.0
7121001,0.0
7122001,0.0
7123001,0.0
7124001,0.0
7125002,0.0
7126082,0.0
7127081,0.0
7128011,0.0
7129080,0.0
7130001,0.0
7131079,0.0
7132008,0.0
7133077,0.0
7134067,0.0
7135076,0.0
7136001,0.0
7137084,0.0
7138034,0.0
7139043,0.0
7140052,0.0
7141081,0.0
7142081,0.0
7143080,0.0
7144040,0.0
7145069,0.0
7146001,0.0
7147001,0.0
7148067,0.0
7149001,0.0
7150075,0.0
7151085,0.0
7152084,0.0
7153073,0.0
7154083,0.0
7155012,0.0
7156031,0.0
7157080,0.0
7158080,0.0
7159079,0.0
7160078,0.0
7161078,0.0
7162077,0.0
7163026,0.0
7164004,0.0
7165038,0.0
7166084,0.0
7167084,0.0
7168083,0.0
7169102,0.0
7170001,0.0
7171081,0.0
7172080,0.0
7173010,0.0
7174069,0.0
7175078,0.0
7176077,0.0
7177037,0.0
7178076,0.0
7179001,0.0
7180085,0.0
7181084,0.0
7182083,0.0
7183001,0.0
7184082,0.0
7185081,0.0
7186002,0.0
7187002,0.0
7188082,0.0
7189001,0.0
7190001,0.0
7191001,0.0
7192001,0.0
7193001,0.0
7194002,0.0
7195001,0.0
7196083,0.0
7197001,0.0
7198082,0.0
7199081,0.0
7200081,0.0
7201080,0.0
7202079,0.0
7203089,0.0
7204078,0.0
7205077,0.0
7206077,0.0
7207001,0.0
7208085,0.0
7209001,0.0
7210001,0.0
7211053,0.0
7212082,0.0
7213015,0.0
7214002,0.0
7215054,0.0
7216083,0.0
7217082,0.0
7218078,0.0
7219078,0.0
7220077,0.0
7221046,0.0
7222075,0.0
7223001,0.0
7224004,0.0
7225004,0.0
7226001,0.0
7227092,0.0
7228051,0.0
7229081,0.0
7230001,0.0
7231049,0.0
7232002,0.0
7233068,0.0
7234088,0.0
7235001,0.0
7236001,0.0
7237079,0.0
7238078,0.0
7239001,0.0
7240053,0.0
7241083,0.0
7242001,0.0
7243001,0.0
7244021,0.0
7245001,0.0
7246079,0.0
7247078,0.0
7248078,0.0
7249077,0.0
7250077,0.0
7251001,0.0
7252045,0.0
7253004,0.0
7254084,0.0
7255001,0.0
7256022,0.0
7257082,0.0
7258084,0.0
7259001,0.0
7260090,0.0
7261109,0.0
7262078,0.0
7263077,0.0
7264057,0.0
7265001,0.0
7266076,0.0
7267085,0.0
7268104,0.0
7269004,0.0
7270003,0.0
7271001,0.0
7272081,0.0
7273081,0.0
7274080,0.0
7275053,0.0
7276001,0.0
7277008,0.0
7278001,0.0
7279080,0.0
7280076,0.0
7281065,0.0
7282085,0.0
7283054,0.0
7284013,0.0
7285082,0.0
7286032,0.0
7287001,0.0
7288001,0.0
7289050,0.0
7290079,0.0
7291019,0.0
7292048,0.0
7293077,0.0
7294004,0.0
7295001,0.0
7296001,0.0
7297084,0.0
7298054,0.0
7299083,0.0
7300082,0.0
7301082,0.0
7302001,0.0
7303081,0.0
7304090,0.0
7305059,0.0
7306002,0.0
7307018,0.0
7308001,0.0
7309077,0.0
7310066,0.0
7311075,0.0
7312001,0.0
7313084,0.0
7314093,0.0
7315082,0.0
7316082,0.0
7317081,0.0
7318050,0.0
7319113,0.0
7320059,0.0
7321078,0.0
7322078,0.0
7323077,0.0
7324002,0.0
7325046,0.0
7326001,0.0
7327044,0.0
7328034,0.0
7329002,0.0
7330001,0.0
7331082,0.0
7332001,0.0
7333070,0.0
7334001,0.0
7335079,0.0
7336082,0.0
7337001,0.0
7338077,0.0
7339076,0.0
7340045,0.0
7341085,0.0
7342001,0.0
7343083,0.0
7344001,0.0
7345082,0.0
7346012,0.0
7347001,0.0
7348080,0.0
7349019,0.0
7350079,0.0
7351038,0.0
7352004,0.0
7353001,0.0
7354086,0.0
7355076,0.0
7356002,0.0
7357088,0.0
7358003,0.0
7359083,0.0
7360082,0.0
7361081,0.0
7362081,0.0
7363080,0.0
7364079,0.0
7365079,0.0
7366078,0.0
7367078,0.0
7368077,0.0
7369076,0.0
7370075,0.0
7371085,0.0
7372084,0.0
7373084,0.0
7374083,0.0
7375082,0.0
7376001,0.0
7377084,0.0
7378080,0.0
7379001,0.0
7380002,0.0
7381002,0.0
7382108,0.0
7383027,0.0
7384076,0.0
7385075,0.0
7386075,0.0
7387084,0.0
7388003,0.0
7389063,0.0
7390082,0.0
7391042,0.0
7392004,0.0
7393024,0.0
7394080,0.0
7395082,0.0
7396082,0.0
7397077,0.0
7398002,0.0
7399076,0.0
7400076,0.0
7401075,0.0
7402104,0.0
7403084,0.0
7404083,0.0
7405001,0.0
7406082,0.0
7407011,0.0
7408050,0.0
7409090,0.0
7410079,0.0
7411002,0.0
7412006,0.0
7413077,0.0
7414076,0.0
7415076,0.0
7416085,0.0
7417074,0.0
7418044,0.0
7419073,0.0
7420082,0.0
7421001,0.0
7422081,0.0
7423080,0.0
7424030,0.0
7425001,0.0
7426001,0.0
7427078,0.0
7428027,0.0
7429067,0.0
7430001,0.0
7431075,0.0
7432085,0.0
7433014,0.0
7434043,0.0
7435082,0.0
7436082,0.0
7437085,0.0
7438001,0.0
7439080,0.0
7440079,0.0
7441079,0.0
7442048,0.0
7443107,0.0
7444077,0.0
7445002,0.0
7446085,0.0
7447015,0.0
7448084,0.0
7449013,0.0
7450003,0.0
7451082,0.0
7452081,0.0
7453080,0.0
7454100,0.0
7455001,0.0
7456001,0.0
7457028,0.0
7458081,0.0
7459077,0.0
7460001,0.0
7461065,0.0
7462001,0.0
7463004,0.0
7464083,0.0
7465001,0.0
7466072,0.0
7467001,0.0
7468002,0.0
7469080,0.0
7470109,0.0
7471029,0.0
7472001,0.0
7473077,0.0
7474087,0.0
7475030,0.0
7476001,0.0
7477055,0.0
7478088,0.0
7479043,0.0
7480083,0.0
7481082,0.0
7482062,0.0
7483081,0.0
7484080,0.0
7485090,0.0
7486079,0.0
7487079,0.0
7488002,0.0
7489077,0.0
7490077,0.0
7491001,0.0
7492085,0.0
7493075,0.0
7494084,0.0
7495083,0.0
7496001,0.0
7497085,0.0
7498051,0.0
7499060,0.0
7500110,0.0
7501019,0.0
7502069,0.0
7503098,0.0
7504001,0.0
7505001,0.0
7506002,0.0
7507075,0.0
7508001,0.0
7509084,0.0
7510083,0.0
7511003,0.0
7512082,0.0
7513081,0.0
7514081,0.0
7515001,0.0
7516083,0.0
7517109,0.0
7518078,0.0
7519077,0.0
7520002,0.0
7521002,0.0
7522076,0.0
7523002,0.0
7524001,0.0
7525084,0.0
7526073,0.0
7527082,0.0
7528082,0.0
7529001,0.0
7530030,0.0
7531001,0.0
7532079,0.0
7533001,0.0
7534078,0.0
7535077,0.0
7536080,0.0
7537079,0.0
7538089,0.0
7539108,0.0
7540002,0.0
7541083,0.0
7542083,0.0
7543082,0.0
7544071,0.0
7545081,0.0
7546080,0.0
7547001,0.0
7548079,0.0
7549002,0.0
7550077,0.0
7551077,0.0
7552076,0.0
7553005,0.0
7554002,0.0
7555074,0.0
7556084,0.0
7557001,0.0
7558082,0.0
7559002,0.0
7560001,0.0
7561071,0.0
7562080,0.0
7563079,0.0
7564079,0.0
7565078,0.0
7566077,0.0
7567026,0.0
7568076,0.0
7569075,0.0
7570002,0.0
7571044,0.0
7572001,0.0
7573082,0.0
7574035,0.0
7575001,0.0
7576011,0.0
7577084,0.0
7578083,0.0
7579079,0.0
7580078,0.0
7581017,0.0
7582002,0.0
7583076,0.0
7584045,0.0
7585095,0.0
7586084,0.0
7587001,0.0
7588053,0.0
7589003,0.0
7590001,0.0
7591001,0.0
7592004,0.0
7593100,0.0
7594079,0.0
7595082,0.0
7596081,0.0
7597077,0.0
7598001,0.0
7599076,0.0
7600075,0.0
7601045,0.0
7602104,0.0
7603013,0.0
7604001,0.0
7605082,0.0
7606001,0.0
7607081,0.0
7608080,0.0
7609070,0.0
7610079,0.0
7611001,0.0
7612008,0.0
7613057,0.0
7614076,0.0
7615001,0.0
7616085,0.0
7617001,0.0
7618044,0.0
7619004,0.0
7620003,0.0
7621082,0.0
7622001,0.0
7623081,0.0
7624002,0.0
7625001,0.0
7626049,0.0
7627078,0.0
7628077,0.0
7629077,0.0
7630002,0.0
7631076,0.0
7632095,0.0
7633084,0.0
7634084,0.0
7635073,0.0
7636001,0.0
7637085,0.0
7638001,0.0
7639001,0.0
7640001,0.0
7641079,0.0
7642079,0.0
7643078,0.0
7644008,0.0
7645002,0.0
7646001,0.0
7647001,0.0
7648085,0.0
7649084,0.0
7650094,0.0
7651043,0.0
7652082,0.0
7653001,0.0
7654081,0.0
7655050,0.0
7656040,0.0
7657079,0.0
7658079,0.0
7659078,0.0
7660001,0.0
7661026,0.0
7662001,0.0
7663001,0.0
7664085,0.0
7665104,0.0
7666003,0.0
7667083,0.0
7668082,0.0
7669081,0.0
7670011,0.0
7671080,0.0
7672039,0.0
7673079,0.0
7674078,0.0
7675108,0.0
7676097,0.0
7677001,0.0
7678001,0.0
7679085,0.0
7680001,0.0
7681084,0.0
7682043,0.0
7683013,0.0
7684082,0.0
7685071,0.0
7686081,0.0
7687001,0.0
7688110,0.0
7689039,0.0
7690001,0.0
7691008,0.0
7692077,0.0
7693004,0.0
7694076,0.0
7695002,0.0
7696068,0.0
7697104,0.0
7698001,0.0
7699086,0.0
7700082,0.0
7701001,0.0
7702001,0.0
7703080,0.0
7704079,0.0
7705001,0.0
7706078,0.0
7707001,0.0
7708067,0.0
7709076,0.0
7710076,0.0
7711055,0.0
7712001,0.0
7713014,0.0
7714083,0.0
7715082,0.0
7716001,0.0
7717051,0.0
7718084,0.0
7719084,0.0
7720079,0.0
7721079,0.0
7722058,0.0
7723017,0.0
7724077,0.0
7725076,0.0
7726076,0.0
7727075,0.0
7728084,0.0
7729044,0.0
7730033,0.0
7731083,0.0
7732082,0.0
7733013,0.0
7734071,0.0
7735090,0.0
7736109,0.0
7737082,0.0
7738048,0.0
7739001,0.0
7740077,0.0
7741106,0.0
7742076,0.0
7743085,0.0
7744001,0.0
7745044,0.0
7746083,0.0
7747083,0.0
7748082,0.0
7749081,0.0
7750101,0.0
7751001,0.0
7752079,0.0
7753089,0.0
7754052,0.0
7755001,0.0
7756077,0.0
7757080,0.0
7758107,0.0
7759075,0.0
7760085,0.0
7761044,0.0
7762063,0.0
7763083,0.0
7764082,0.0
7765081,0.0
7766081,0.0
7767070,0.0
7768079,0.0
7769009,0.0
7770001,0.0
7771078,0.0
7772002,0.0
7773001,0.0
7774001,0.0
7775085,0.0
7776074,0.0
7777094,0.0
7778063,0.0
7779082,0.0
7780001,0.0
7781071,0.0
7782081,0.0
7783010,0.0
7784110,0.0
7785079,0.0
7786078,0.0
7787078,0.0
7788047,0.0
7789026,0.0
7790056,0.0
7791065,0.0
7792085,0.0
7793114,0.0
7794083,0.0
7795093,0.0
7796082,0.0
7797102,0.0
7798071,0.0
7799080,0.0
7800109,0.0
7801023,0.0
7802068,0.0
7803002,0.0
7804001,0.0
7805080,0.0
7806079,0.0
7807001,0.0
7808075,0.0
7809084,0.0
7810083,0.0
7811001,0.0
7812082,0.0
7813001,0.0
7814081,0.0
7815050,0.0
7816090,0.0
7817049,0.0
7818079,0.0
7819078,0.0
7820017,0.0
7821030,0.0
7822076,0.0
7823001,0.0
7824085,0.0
7825088,0.0
7826002,0.0
7827083,0.0
7828082,0.0
7829082,0.0
7830001,0.0
7831081,0.0
7832080,0.0
7833079,0.0
7834049,0.0
7835001,0.0
7836001,0.0
7837017,0.0
7838001,0.0
7839076,0.0
7840045,0.0
7841025,0.0
7842084,0.0
7843047,0.0
7844082,0.0
7845001,0.0
7846085,0.0
7847081,0.0
7848080,0.0
7849109,0.0
7850079,0.0
7851008,0.0
7852047,0.0
7853077,0.0
7854077,0.0
7855076,0.0
7856045,0.0
7857085,0.0
7858074,0.0
7859083,0.0
7860001,0.0
7861082,0.0
7862082,0.0
7863081,0.0
7864070,0.0
7865001,0.0
7866001,0.0
7867078,0.0
7868002,0.0
7869077,0.0
7870077,0.0
7871076,0.0
7872085,0.0
7873002,0.0
7874104,0.0
7875004,0.0
7876002,0.0
7877001,0.0
7878051,0.0
7879002,0.0
7880080,0.0
7881080,0.0
7882079,0.0
7883089,0.0
7884001,0.0
7885001,0.0
7886001,0.0
7887076,0.0
7888076,0.0
7889085,0.0
7890001,0.0
7891084,0.0
7892001,0.0
7893083,0.0
7894001,0.0
7895081,0.0
7896001,0.0
7897001,0.0
7898079,0.0
7899079,0.0
7900006,0.0
7901021,0.0
7902001,0.0
7903001,0.0
7904076,0.0
7905001,0.0
7906088,0.0
7907084,0.0
7908073,0.0
7909001,0.0
7910082,0.0
7911081,0.0
7912081,0.0
7913020,0.0
7914080,0.0
7915059,0.0
7916079,0.0
7917002,0.0
7918077,0.0
7919077,0.0
7920106,0.0
7921106,0.0
7922055,0.0
7923074,0.0
7924001,0.0
7925087,0.0
7926001,0.0
7927082,0.0
7928001,0.0
7929001,0.0
7930080,0.0
7931079,0.0
7932079,0.0
7933078,0.0
7934078,0.0
7935077,0.0
7936077,0.0
7937066,0.0
7938075,0.0
7939002,0.0
7940001,0.0
7941006,0.0
7942002,0.0
7943082,0.0
7944082,0.0
7945041,0.0
7946071,0.0
7947001,0.0
7948049,0.0
7949028,0.0
7950078,0.0
7951057,0.0
7952077,0.0
7953026,0.0
7954045,0.0
7955065,0.0
7956001,0.0
7957002,0.0
7958103,0.0
7959083,0.0
7960112,0.0
7961071,0.0
7962074,0.0
7963050,0.0
7964112,0.0
7965069,0.0
7966078,0.0
7967018,0.0
7968097,0.0
7969076,0.0
7970076,0.0
7971006,0.0
7972005,0.0
7973004,0.0
7974104,0.0
7975083,0.0
7976001,0.0
7977082,0.0
7978081,0.0
7979110,0.0
7980100,0.0
7981001,0.0
7982049,0.0
7983078,0.0
7984001,0.0
7985001,0.0
7986076,0.0
7987001,0.0
7988002,0.0
7989024,0.0
7990104,0.0
7991073,0.0
7992004,0.0
7993082,0.0
7994001,0.0
7995081,0.0
7996080,0.0
7997110,0.0
7998006,0.0
7999006,0.0
8000078,0.0
8001077,0.0
8002070,0.0
8003080,0.0
8004075,0.0
8005075,0.0
8006001,0.0
8007024,0.0
8008073,0.0
8009102,0.0
8010001,0.0
8011051,0.0
8012081,0.0
8013080,0.0
8014001,0.0
8015079,0.0
8016078,0.0
8017078,0.0
8018057,0.0
8019087,0.0
8020056,0.0
8021049,0.0
8022001,0.0
8023104,0.0
8024073,0.0
8025013,0.0
8026082,0.0
8027082,0.0
8028001,0.0
8029081,0.0
8030080,0.0
8031109,0.0
8032049,0.0
8033078,0.0
8034001,0.0
8035001,0.0
8036001,0.0
8037076,0.0
8038075,0.0
8039084,0.0
8040084,0.0
8041002,0.0
8042001,0.0
8043032,0.0
8044001,0.0
8045084,0.0
8046080,0.0
8047080,0.0
8048109,0.0
8049002,0.0
8050078,0.0
8051001,0.0
8052077,0.0
8053076,0.0
8054076,0.0
8055002,0.0
8056085,0.0
8057001,0.0
8058073,0.0
8059083,0.0
8060082,0.0
8061001,0.0
8062081,0.0
8063084,0.0
8064070,0.0
8065059,0.0
8066049,0.0
8067078,0.0
8068047,0.0
8069077,0.0
8070076,0.0
8071045,0.0
8072075,0.0
8073085,0.0
8074044,0.0
8075053,0.0
8076083,0.0
8077032,0.0
8078001,0.0
8079081,0.0
8080054,0.0
8081083,0.0
8082001,0.0
8083001,0.0
8084001,0.0
8085057,0.0
8086077,0.0
8087076,0.0
8088075,0.0
8089055,0.0
8090084,0.0
8091084,0.0
8092002,0.0
8093001,0.0
8094082,0.0
8095051,0.0
8096001,0.0
8097080,0.0
8098010,0.0
8099001,0.0
8100079,0.0
8101051,0.0
8102107,0.0
8103077,0.0
8104006,0.0
8105006,0.0
8106085,0.0
8107084,0.0
8108034,0.0
8109004,0.0
8110043,0.0
8111052,0.0
8112051,0.0
8113061,0.0
8114080,0.0
8115079,0.0
8116009,0.0
8117019,0.0
8118078,0.0
8119004,0.0
8120005,0.0
8121030,0.0
8122076,0.0
8123079,0.0
8124088,0.0
8125001,0.0
8126013,0.0
8127043,0.0
8128082,0.0
8129081,0.0
8130081,0.0
8131020,0.0
8132040,0.0
8133079,0.0
8134078,0.0
8135048,0.0
8136077,0.0
8137077,0.0
8138036,0.0
8139005,0.0
8140065,0.0
8141084,0.0
8142014,0.0
8143103,0.0
8144086,0.0
8145082,0.0
8146081,0.0
8147081,0.0
8148080,0.0
8149090,0.0
8150079,0.0
8151079,0.0
8152078,0.0
8153047,0.0
8154001,0.0
8155001,0.0
8156001,0.0
8157085,0.0
8158085,0.0
8159074,0.0
8160043,0.0
8161103,0.0
8162001,0.0
8163085,0.0
8164001,0.0
8165050,0.0
8166070,0.0
8167001,0.0
8168049,0.0
8169078,0.0
8170077,0.0
8171002,0.0
8172076,0.0
8173001,0.0
8174001,0.0
8175074,0.0
8176044,0.0
8177043,0.0
8178043,0.0
8179082,0.0
8180082,0.0
8181081,0.0
8182074,0.0
8183080,0.0
8184083,0.0
8185069,0.0
8186038,0.0
8187002,0.0
8188077,0.0
8189077,0.0
8190076,0.0
8191075,0.0
8192104,0.0
8193004,0.0
8194013,0.0
8195063,0.0
8196001,0.0
8197081,0.0
8198001,0.0
8199001,0.0
8200001,0.0
8201049,0.0
8202001,0.0
8203082,0.0
8204028,0.0
8205001,0.0
8206096,0.0
8207076,0.0
8208001,0.0
8209001,0.0
8210084,0.0
8211083,0.0
8212063,0.0
8213083,0.0
8214082,0.0
8215081,0.0
8216091,0.0
8217080,0.0
8218006,0.0
8219069,0.0
8220032,0.0
8221108,0.0
8222027,0.0
8223001,0.0
8224076,0.0
8225065,0.0
8226075,0.0
8227074,0.0
8228024,0.0
8229013,0.0
8230083,0.0
8231001,0.0
8232091,0.0
8233001,0.0
8234080,0.0
8235110,0.0
8236049,0.0
8237079,0.0
8238028,0.0
8239087,0.0
8240087,0.0
8241050,0.0
8242001,0.0
8243075,0.0
8244004,0.0
8245084,0.0
8246083,0.0
8247023,0.0
8248082,0.0
8249081,0.0
8250001,0.0
8251080,0.0
8252080,0.0
8253079,0.0
8254009,0.0
8255001,0.0
8256001,0.0
8257002,0.0
8258077,0.0
8259086,0.0
8260001,0.0
8261048,0.0
8262074,0.0
8263084,0.0
8264086,0.0
8265082,0.0
8266082,0.0
8267081,0.0
8268081,0.0
8269010,0.0
8270110,0.0
8271079,0.0
8272108,0.0
8273058,0.0
8274002,0.0
8275077,0.0
8276076,0.0
8277075,0.0
8278001,0.0
8279084,0.0
8280084,0.0
8281093,0.0
8282083,0.0
8283086,0.0
8284051,0.0
8285002,0.0
8286050,0.0
8287080,0.0
8288059,0.0
8289078,0.0
8290028,0.0
8291077,0.0
8292077,0.0
8293076,0.0
8294046,0.0
8295075,0.0
8296085,0.0
8297094,0.0
8298063,0.0
8299083,0.0
8300082,0.0
8301082,0.0
8302081,0.0
8303080,0.0
8304002,0.0
8305010,0.0
8306079,0.0
8307108,0.0
8308002,0.0
8309027,0.0
8310077,0.0
8311076,0.0
8312006,0.0
8313035,0.0
8314074,0.0
8315084,0.0
8316083,0.0
8317083,0.0
8318052,0.0
8319051,0.0
8320004,0.0
8321080,0.0
8322110,0.0
8323079,0.0
8324108,0.0
8325028,0.0
8326047,0.0
8327077,0.0
8328096,0.0
8329066,0.0
8330085,0.0
8331075,0.0
8332084,0.0
8333073,0.0
8334001,0.0
8335022,0.0
8336082,0.0
8337002,0.0
8338051,0.0
8339030,0.0
8340079,0.0
8341089,0.0
8342001,0.0
8343018,0.0
8344077,0.0
8345001,0.0
8346076,0.0
8347085,0.0
8348001,0.0
8349028,0.0
8350057,0.0
8351001,0.0
8352083,0.0
8353022,0.0
8354051,0.0
8355081,0.0
8356001,0.0
8357080,0.0
8358001,0.0
8359009,0.0
8360028,0.0
8361078,0.0
8362077,0.0
8363001,0.0
8364001,0.0
8365035,0.0
8366075,0.0
8367084,0.0
8368083,0.0
8369007,0.0
8370002,0.0
8371052,0.0
8372051,0.0
8373001,0.0
8374080,0.0
8375110,0.0
8376001,0.0
8377008,0.0
8378108,0.0
8379077,0.0
8380077,0.0
8381076,0.0
8382096,0.0
8383085,0.0
8384002,0.0
8385084,0.0
8386083,0.0
8387083,0.0
8388082,0.0
8389001,0.0
8390081,0.0
8391092,0.0
8392110,0.0
8393049,0.0
8394019,0.0
8395002,0.0
8396008,0.0
8397077,0.0
8398077,0.0
8399066,0.0
8400075,0.0
8401075,0.0
8402084,0.0
8403001,0.0
8404083,0.0
8405001,0.0
8406082,0.0
8407012,0.0
8408081,0.0
8409030,0.0
8410080,0.0
8411079,0.0
8412079,0.0
8413018,0.0
8414001,0.0
8415007,0.0
8416076,0.0
8417001,0.0
8418075,0.0
8419098,0.0
8420044,0.0
8421001,0.0
8422083,0.0
8423001,0.0
8424082,0.0
8425081,0.0
8426081,0.0
8427001,0.0
8428001,0.0
8429001,0.0
8430009,0.0
8431001,0.0
8432001,0.0
8433037,0.0
8434030,0.0
8435001,0.0
8436085,0.0
8437085,0.0
8438088,0.0
8439107,0.0
8440083,0.0
8441082,0.0
8442001,0.0
8443001,0.0
8444101,0.0
8445030,0.0
8446079,0.0
8447001,0.0
8448048,0.0
8449078,0.0
8450047,0.0
8451077,0.0
8452026,0.0
8453016,0.0
8454085,0.0
8455075,0.0
8456084,0.0
8457104,0.0
8458083,0.0
8459001,0.0
8460082,0.0
8461051,0.0
8462051,0.0
8463080,0.0
8464030,0.0
8465049,0.0
8466088,0.0
8467078,0.0
8468107,0.0
8469047,0.0
8470076,0.0
8471056,0.0
8472085,0.0
8473074,0.0
8474004,0.0
8475083,0.0
8476016,0.0
8477092,0.0
8478001,0.0
8479081,0.0
8480051,0.0
8481001,0.0
8482080,0.0
8483089,0.0
8484028,0.0
8485078,0.0
8486001,0.0
8487001,0.0
8488076,0.0
8489076,0.0
8490085,0.0
8491074,0.0
8492084,0.0
8493083,0.0
8494013,0.0
8495001,0.0
8496001,0.0
8497031,0.0
8498084,0.0
8499080,0.0
8500079,0.0
8501079,0.0
8502001,0.0
8503078,0.0
8504077,0.0
8505077,0.0
8506076,0.0
8507045,0.0
8508001,0.0
8509084,0.0
8510084,0.0
8511083,0.0
8512083,0.0
8513082,0.0
8514004,0.0
8515081,0.0
8516084,0.0
8517001,0.0
8518001,0.0
8519019,0.0
8520078,0.0
8521078,0.0
8522077,0.0
8523096,0.0
8524076,0.0
8525075,0.0
8526085,0.0
8527084,0.0
8528001,0.0
8529023,0.0
8530001,0.0
8531082,0.0
8532001,0.0
8533031,0.0
8534034,0.0
8535080,0.0
8536030,0.0
8537019,0.0
8538001,0.0
8539078,0.0
8540077,0.0
8541017,0.0
8542076,0.0
8543075,0.0
8544085,0.0
8545074,0.0
8546001,0.0
8547001,0.0
8548001,0.0
8549052,0.0
8550102,0.0
8551081,0.0
8552081,0.0
8553080,0.0
8554080,0.0
8555109,0.0
8556078,0.0
8557028,0.0
8558111,0.0
8559037,0.0
8560076,0.0
8561026,0.0
8562085,0.0
8563065,0.0
8564074,0.0
8565073,0.0
8566083,0.0
8567082,0.0
8568082,0.0
8569031,0.0
8570080,0.0
8571030,0.0
8572079,0.0
8573079,0.0
8574032,0.0
8575078,0.0
8576107,0.0
8577077,0.0
8578006,0.0
8579026,0.0
8580075,0.0
8581085,0.0
8582074,0.0
8583103,0.0
8584083,0.0
8585082,0.0
8586082,0.0
8587081,0.0
8588080,0.0
8589040,0.0
8590001,0.0
8591079,0.0
8592079,0.0
8593078,0.0
8594031,0.0
8595001,0.0
8596076,0.0
8597096,0.0
8598001,0.0
8599075,0.0
8600001,0.0
8601104,0.0
8602083,0.0
8603001,0.0
8604082,0.0
8605081,0.0
8606101,0.0
8607080,0.0
8608080,0.0
8609001,0.0
8610029,0.0
8611001,0.0
8612077,0.0
8613007,0.0
8614086,0.0
8615001,0.0
8616025,0.0
8617078,0.0
8618088,0.0
8619074,0.0
8620023,0.0
8621082,0.0
8622001,0.0
8623032,0.0
8624081,0.0
8625081,0.0
8626001,0.0
8627029,0.0
8628079,0.0
8629078,0.0
8630047,0.0
8631077,0.0
8632001,0.0
8633026,0.0
8634075,0.0
8635001,0.0
8636001,0.0
8637084,0.0
8638087,0.0
8639086,0.0
8640032,0.0
8641082,0.0
8642081,0.0
8643051,0.0
8644080,0.0
8645030,0.0
8646089,0.0
8647079,0.0
8648078,0.0
8649037,0.0
8650097,0.0
8651076,0.0
8652001,0.0
8653085,0.0
8654075,0.0
8655084,0.0
8656083,0.0
8657083,0.0
8658022,0.0
8659085,0.0
8660031,0.0
8661101,0.0
8662080,0.0
8663090,0.0
8664029,0.0
8665001,0.0
8666078,0.0
8667077,0.0
8668001,0.0
8669001,0.0
8670076,0.0
8671001,0.0
8672001,0.0
8673044,0.0
8674001,0.0
8675083,0.0
8676023,0.0
8677086,0.0
8678001,0.0
8679081,0.0
8680080,0.0
8681080,0.0
8682079,0.0
8683079,0.0
8684001,0.0
8685078,0.0
8686001,0.0
8687106,0.0
8688106,0.0
8689076,0.0
8690075,0.0
8691085,0.0
8692024,0.0
8693004,0.0
8694046,0.0
8695082,0.0
8696082,0.0
8697085,0.0
8698031,0.0
8699030,0.0
8700001,0.0
8701001,0.0
8702079,0.0
8703078,0.0
8704077,0.0
8705001,0.0
8706076,0.0
8707076,0.0
8708001,0.0
8709001,0.0
8710054,0.0
8711084,0.0
8712083,0.0
8713001,0.0
8714066,0.0
8715081,0.0
8716071,0.0
8717001,0.0
8718001,0.0
8719029,0.0
8720079,0.0
8721078,0.0
8722028,0.0
8723077,0.0
8724077,0.0
8725026,0.0
8726026,0.0
8727001,0.0
8728034,0.0
8729084,0.0
8730083,0.0
8731043,0.0
8732082,0.0
8733001,0.0
8734081,0.0
8735051,0.0
8736001,0.0
8737079,0.0
8738001,0.0
8739028,0.0
8740001,0.0
8741077,0.0
8742077,0.0
8743001,0.0
8744001,0.0
8745001,0.0
8746045,0.0
8747044,0.0
8748073,0.0
8749073,0.0
8750092,0.0
8751004,0.0
8752081,0.0
8753031,0.0
8754001,0.0
8755083,0.0
8756029,0.0
8757001,0.0
8758048,0.0
8759078,0.0
8760047,0.0
8761001,0.0
8762001,0.0
8763026,0.0
8764075,0.0
8765085,0.0
8766074,0.0
8767083,0.0
8768023,0.0
8769072,0.0
8770082,0.0
8771081,0.0
8772111,0.0
8773001,0.0
8774030,0.0
8775001,0.0
8776079,0.0
8777078,0.0
8778028,0.0
8779001,0.0
8780006,0.0
8781076,0.0
8782025,0.0
8783025,0.0
8784104,0.0
8785004,0.0
8786083,0.0
8787001,0.0
8788082,0.0
8789004,0.0
8790051,0.0
8791090,0.0
8792080,0.0
8793079,0.0
8794100,0.0
8795001,0.0
8796028,0.0
8797027,0.0
8798027,0.0
8799026,0.0
8800076,0.0
8801001,0.0
8802025,0.0
8803024,0.0
8804083,0.0
8805083,0.0
8806001,0.0
8807001,0.0
8808081,0.0
8809081,0.0
8810050,0.0
8811080,0.0
8812029,0.0
8813082,0.0
8814048,0.0
8815078,0.0
8816001,0.0
8817077,0.0
8818046,0.0
8819076,0.0
8820001,0.0
8821024,0.0
8822084,0.0
8823083,0.0
8824001,0.0
8825082,0.0
8826082,0.0
8827081,0.0
8828031,0.0
8829080,0.0
8830080,0.0
8831079,0.0
8832078,0.0
8833078,0.0
8834081,0.0
8835001,0.0
8836077,0.0
8837076,0.0
8838075,0.0
8839001,0.0
8840001,0.0
8841001,0.0
8842001,0.0
8843083,0.0
8844042,0.0
8845082,0.0
8846081,0.0
8847031,0.0
8848010,0.0
8849010,0.0
8850109,0.0
8851032,0.0
8852001,0.0
8853028,0.0
8854001,0.0
8855076,0.0
8856001,0.0
8857025,0.0
8858075,0.0
8859044,0.0
8860074,0.0
8861083,0.0
8862083,0.0
8863032,0.0
8864001,0.0
8865051,0.0
8866051,0.0
8867030,0.0
8868079,0.0
8869079,0.0
8870078,0.0
8871088,0.0
8872077,0.0
8873001,0.0
8874006,0.0
8875079,0.0
8876001,0.0
8877085,0.0
8878074,0.0
8879084,0.0
8880093,0.0
8881083,0.0
8882082,0.0
8883081,0.0
8884001,0.0
8885081,0.0
8886001,0.0
8887001,0.0
8888079,0.0
8889078,0.0
8890088,0.0
8891087,0.0
8892001,0.0
8893001,0.0
8894076,0.0
8895088,0.0
8896088,0.0
8897074,0.0
8898104,0.0
8899083,0.0
8900083,0.0
8901082,0.0
8902081,0.0
8903081,0.0
8904001,0.0
8905001,0.0
8906079,0.0
8907079,0.0
8908001,0.0
8909078,0.0
8910107,0.0
8911077,0.0
8912076,0.0
8913075,0.0
8914001,0.0
8915088,0.0
8916044,0.0
8917083,0.0
8918083,0.0
8919022,0.0
8920001,0.0
8921081,0.0
8922081,0.0
8923001,0.0
8924080,0.0
8925079,0.0
8926079,0.0
8927078,0.0
8928048,0.0
8929027,0.0
8930087,0.0
8931076,0.0
8932075,0.0
8933001,0.0
8934085,0.0
8935078,0.0
8936107,0.0
8937083,0.0
8938082,0.0
8939082,0.0
8940081,0.0
8941081,0.0
8942001,0.0
8943001,0.0
8944029,0.0
8945079,0.0
8946028,0.0
8947001,0.0
8948077,0.0
8949027,0.0
8950076,0.0
8951086,0.0
8952075,0.0
8953075,0.0
8954084,0.0
8955077,0.0
8956086,0.0
8957022,0.0
8958042,0.0
8959081,0.0
8960081,0.0
8961030,0.0
8962001,0.0
8963029,0.0
8964079,0.0
8965088,0.0
8966108,0.0
8967047,0.0
8968107,0.0
8969026,0.0
8970076,0.0
8971085,0.0
8972085,0.0
8973084,0.0
8974084,0.0
8975001,0.0
8976001,0.0
8977032,0.0
8978032,0.0
8979001,0.0
8980080,0.0
8981080,0.0
8982080,0.0
8983079,0.0
8984078,0.0
8985108,0.0
8986027,0.0
8987077,0.0
8988106,0.0
8989026,0.0
8990085,0.0
8991095,0.0
8992044,0.0
8993027,0.0
8994083,0.0
8995001,0.0
8996072,0.0
8997085,0.0
8998081,0.0
8999080,0.0
9000001,0.0
